dataset_id,dataset_label,variant,display_name,expected_count,threads,runtime_mean_s,runtime_stddev_s,throughput_structures_per_sec,ms_per_structure,peak_rss_mean_mib,peak_rss_stddev_mib,throughput_per_mib,cpu_utilization_proxy,runtime_speedup_vs_freesasa,rss_reduction_vs_freesasa,runtime_speedup_vs_rustsasa,rss_reduction_vs_rustsasa,runtime_speedup_vs_lahuta_bitmask,rss_reduction_vs_lahuta_bitmask
UP000000625_83333_ECOLI_v6_pdb,E. coli AFDB,zsasa_0_9_0_f64,zsasa 0.9.0 f64,4370,10,4.2583071347066666,0.01805878195027763,1026.2294056675712,0.9744409919237222,47.859375,0.0,21.442599400171257,9.524361267753838,3.0548332922278556,4.433561867450212,1.3415725102287301,3.5531613886168247,0.5297330084737351,3.8070519098922624
UP000000625_83333_ECOLI_v6_pdb,E. coli AFDB,zsasa_0_9_0_f32,zsasa 0.9.0 f32,4370,10,4.227825739433333,0.02661473726804034,1033.6282215325466,0.9674658442639207,44.8125,0.0,23.065622795705362,9.557700199523683,3.076857752745714,4.735006973500697,1.3512448582611258,3.794746629474663,0.5335522295617793,4.065899581589958
UP000000625_83333_ECOLI_v6_pdb,E. coli AFDB,zsasa_0_9_0_bitmask_f64,zsasa 0.9.0 bitmask f64,4370,10,1.4850624615533334,0.006315466965264851,2942.6371705800866,0.3398312269000763,50.203125,0.0,58.61462151171041,8.896464457695261,8.75950927345298,4.226579520697168,3.8468602768787767,3.3872808382612307,1.5189703516671385,3.6293183940242764
UP000000625_83333_ECOLI_v6_pdb,E. coli AFDB,zsasa_0_9_0_bitmask_f32,zsasa 0.9.0 bitmask f32,4370,10,1.4454485356,0.029641288456190955,3023.2830103397837,0.3307662552860412,47.354166666666664,0.7352609903689529,63.844075889269526,8.967316234901169,8.999572162722204,4.480862296524418,3.952287232185656,3.591069071711395,1.5605992146492949,3.8476682798064235
UP000000625_83333_ECOLI_v6_pdb,E. coli AFDB,freesasa_batch,FreeSASA batch,4370,10,13.008418403633334,0.06227552664513367,335.93630404595774,2.9767547834401222,212.1875,7.280026050562937,1.5832049675214503,7.590594757142356,1.0,1.0,0.43916390254158066,0.8014236622484046,0.173408156124751,0.8586892488954344
UP000000625_83333_ECOLI_v6_pdb,E. coli AFDB,rustsasa,RustSASA,4370,10,5.712827792033334,0.11875142803515747,764.9451653512228,1.307283247604882,170.05208333333334,1.107319104395085,4.498299287823423,6.8063835533237755,2.2770541800286477,1.2477794793261867,1.0,1.0,0.3948597667549246,1.0714548238897397
UP000000625_83333_ECOLI_v6_pdb,E. coli AFDB,lahuta,Lahuta,4370,10,7.573436407133333,0.1938044696847842,577.0167946328759,1.733051809412662,192.19270833333334,6.215536491744565,3.0022824468039393,8.681538416484889,1.7176375035487,1.1040351209994308,0.7543243892102252,0.8847998699222244,0.29785235238110047,0.9480230888051814
UP000000625_83333_ECOLI_v6_pdb,E. coli AFDB,lahuta_bitmask,Lahuta bitmask,4370,10,2.2557658494733333,0.06656772835921748,1937.2578058224835,0.5161935582318841,182.203125,1.299038105676658,10.63240713254772,7.88742145266867,5.766741440238793,1.1645656461709974,2.532544675843524,0.9333104650830404,1.0,1.0
UP000005640_9606_HUMAN_v6_cif,UP000005640_9606_HUMAN_v6_cif,zsasa_generic_read,zsasa generic/read,23586,10,16.183646964673333,0.043804497578665634,1457.3970905003664,0.6861547937197208,125.421875,0.08118988160479113,11.619959361159019,9.520461038416919,,,,,0.9999194992647303,2.7243469955566626
UP000005640_9606_HUMAN_v6_cif,UP000005640_9606_HUMAN_v6_cif,zsasa_generic_mmap,zsasa generic/mmap,23586,10,16.564042508666663,0.3016792539559057,1423.9277632654769,0.7022828164447834,126.48958333333333,0.3067173305069887,11.257272936958394,9.28623480205306,,,,,0.9769562086505381,2.7013505723462075
UP000005640_9606_HUMAN_v6_cif,UP000005640_9606_HUMAN_v6_cif,zsasa_af_fast_read,zsasa AF fast/read,23586,10,14.640741536213334,0.0450694031701817,1610.9839752078744,0.6207386388626022,95.734375,0.0,16.827643938845107,9.510960756250613,,,,,1.1052953929394151,3.569174691257276
UP000005640_9606_HUMAN_v6_cif,UP000005640_9606_HUMAN_v6_cif,zsasa_af_fast_mmap,zsasa AF fast/mmap,23586,10,15.58997072948,0.2157950339558977,1512.895720541658,0.66098408926821,95.27083333333333,0.06314768569261532,15.87994633413505,8.83139277054471,,,,,1.037997084792031,3.5865405641810626
UP000005640_9606_HUMAN_v6_cif,UP000005640_9606_HUMAN_v6_cif,lahuta_bitmask,Lahuta bitmask,23586,10,16.182344169193332,0.070987985366342,1457.5144214829618,0.6860995577543174,341.6927083333333,2.426675350187646,4.265570748033362,8.75339519039911,,,,,1.0,1.0
UP000005640_9606_HUMAN_v6_pdb,Human AFDB,zsasa_0_9_0_f64,zsasa 0.9.0 f64,23586,10,43.413991639673334,0.08431844731794776,543.2810738933812,1.8406678385344413,84.875,0.0,6.400955215238659,9.717023933389251,3.1303862959759226,8.038291605301914,1.5046053215507744,3.8917525773195876,0.46229046782587774,3.964653902798233
UP000005640_9606_HUMAN_v6_pdb,Human AFDB,zsasa_0_9_0_f32,zsasa 0.9.0 f32,23586,10,42.74178208218,0.0746085765794827,551.8253767391119,1.812167475713559,80.921875,0.0,6.819236167465372,9.72142282823928,3.179618580740167,8.430971229967176,1.5282685856481186,4.0818690866962735,0.4695610133125663,4.158331724271095
UP000005640_9606_HUMAN_v6_pdb,Human AFDB,zsasa_0_9_0_bitmask_f64,zsasa 0.9.0 bitmask f64,23586,10,13.687270816666667,0.11951872012761265,1723.206935547727,0.5803133560869442,89.609375,0.0,19.230208173505584,9.435133546814493,9.929120735812528,7.613600697471665,4.7723847745654,3.6861377506538795,1.4663167532898318,3.755187445510026
UP000005640_9606_HUMAN_v6_pdb,Human AFDB,zsasa_0_9_0_bitmask_f32,zsasa 0.9.0 bitmask f32,23586,10,13.407942114186667,0.06324424636983032,1759.1066398656465,0.5684703686164109,84.1875,0.0,20.895104853637967,9.425697677568836,10.13597488153316,8.103934669636228,4.871808238320078,3.9235337787676317,1.496864644430245,3.9970304380103934
UP000005640_9606_HUMAN_v6_pdb,Human AFDB,freesasa_batch,FreeSASA batch,23586,10,135.90256448244668,3.991300737167631,173.55080891829965,5.7620013771918375,682.25,0.0,0.2543800790301204,7.666141307641767,1.0,1.0,0.48064525566219357,0.4841517039208501,0.14767840902579565,0.49322096005862953
UP000005640_9606_HUMAN_v6_pdb,Human AFDB,rustsasa,RustSASA,23586,10,65.32092285081333,8.057760251800849,361.0787932967227,2.769478625066282,330.3125,0.0,1.0931429882209203,5.933661853163902,2.080536504250483,2.0654683065279094,1.0,1.0,0.3072503208678019,1.0187322611163672
UP000005640_9606_HUMAN_v6_pdb,Human AFDB,lahuta,Lahuta,23586,10,74.17095994341334,0.25363049771228136,317.99507540409724,3.144702787391391,358.734375,0.0,0.8864360305702436,9.313623144426877,1.8322880624186304,1.9018249923777168,0.880680564207988,0.9207718106189294,0.27058938593494114,0.9380199486040333
UP000005640_9606_HUMAN_v6_pdb,Human AFDB,lahuta_bitmask,Lahuta bitmask,23586,10,20.06987450529333,0.043856314064394795,1175.1941943523018,0.8509231961881341,336.5,0.0,3.4924047380454732,9.036003238195109,6.7714705663258155,2.027488855869242,3.25467520156069,0.9816121842496285,1.0,1.0
swissprot_500k_pdb,SwissProt AFDB,zsasa_0_6_0_f32,zsasa 0.6.0 f32,500000,10,963.2836559769801,,519.0579087453641,1.9265673119539601,253.4375,0.0,2.048070663360253,5.183293449670363,,,,,0.6105337933970453,2.6767570900123303
swissprot_500k_pdb,SwissProt AFDB,zsasa_0_6_0_bitmask_f32,zsasa 0.6.0 bitmask f32,500000,10,680.13671293814,,735.1463176278739,1.36027342587628,256.546875,0.0,2.8655438411708345,2.2843057135798333,,,,,0.8647044239979008,2.6443145136731836
swissprot_500k_pdb,SwissProt AFDB,zsasa_0_9_0_f32,zsasa 0.9.0 f32,500000,10,975.79565564858,,512.4023632464997,1.9515913112971601,270.609375,0.0,1.8935129769487835,5.1087509507372895,,,,,0.6027053115030496,2.50689993648594
swissprot_500k_pdb,SwissProt AFDB,zsasa_0_9_0_bitmask_f32,zsasa 0.9.0 bitmask f32,500000,10,670.18531688744,,746.0623015767694,1.3403706337748797,273.875,0.0,2.7240978606180537,2.2593076922547795,,,,,0.8775441803655277,2.477008215426746
swissprot_500k_pdb,SwissProt AFDB,zsasa_generic_read,zsasa generic/read,500000,10,639.05409805014,,782.4063745551165,1.2781081961002803,273.921875,0.0,2.856312131169212,2.387756392542964,,,,,0.9202933310269711,2.4765843363185214
swissprot_500k_pdb,SwissProt AFDB,lahuta_bitmask,Lahuta bitmask,500000,10,588.117224601,,850.170644703049,1.1762344492019998,678.390625,0.0,1.253216971716036,3.6430066332669635,,,,,1.0,1.0
