dataset_id,dataset_label,frame_count,atom_count,variant,display_name,bitmask_variant,threads,runtime_mean_s,runtime_median_s,runtime_stddev_s,speedup_vs_t10_median,frames_per_sec,peak_rss_mean_mib,manifest_id
5vz0_A_protein,5vz0_A,10001,17910,zsasa_cli_bitmask_f32,zsasa CLI bitmask f32,cycle,10,38.23442441459334,38.22886933126,0.11525936134537455,1.0,261.57056508957965,97.125,trajectory-full-rerun
5vz0_A_protein,5vz0_A,10001,17910,zsasa_cli_bitmask_f32,zsasa CLI bitmask f32,cycle,20,36.517657233533335,36.521411372200006,0.05023768695896289,1.046752244639694,273.86751389999654,165.6875,trajectory-zsasa-t20
5vz0_A_protein,5vz0_A,10001,17910,zsasa_cli_bitmask_f32,zsasa CLI bitmask f32,cycle,40,35.80386837272,35.79548330272,0.06038763984289869,1.067980253485084,279.32735915262305,302.8645833333333,trajectory-zsasa-t40
5vz0_A_protein,5vz0_A,10001,17910,zsasa_cli_bitmask_f32,zsasa CLI bitmask f32,cycle_corrected,10,38.12212788132667,38.12716052066,0.011589956193060203,1.0,262.341074746218,97.14583333333333,trajectory-full-rerun
5vz0_A_protein,5vz0_A,10001,17910,zsasa_cli_bitmask_f32,zsasa CLI bitmask f32,cycle_corrected,20,36.47762835242666,36.47011381076,0.024224327815857885,1.0454357427700463,274.16804358484796,172.79166666666666,trajectory-zsasa-t20
5vz0_A_protein,5vz0_A,10001,17910,zsasa_cli_bitmask_f32,zsasa CLI bitmask f32,cycle_corrected,40,35.99997811574,35.861223532740006,0.3184504645146652,1.0631862709829538,277.80572443257506,303.65625,trajectory-zsasa-t40
5vz0_A_protein,5vz0_A,10001,17910,zsasa_cli_bitmask_f32,zsasa CLI bitmask f32,per_frame,10,58.18254242113334,58.217430740800005,0.08367299794668728,1.0,171.89004783619404,112.46875,trajectory-full-rerun
5vz0_A_protein,5vz0_A,10001,17910,zsasa_cli_bitmask_f32,zsasa CLI bitmask f32,per_frame,20,56.290466505206666,56.25121113054,0.08440554213209568,1.034954262685955,177.66774057690466,209.828125,trajectory-zsasa-t20
5vz0_A_protein,5vz0_A,10001,17910,zsasa_cli_bitmask_f32,zsasa CLI bitmask f32,per_frame,40,55.83302814293334,55.6644472676,0.5553157869301834,1.045863807124983,179.12336716535057,407.546875,trajectory-zsasa-t40
5vz0_A_protein,5vz0_A,10001,17910,zsasa_cli_bitmask_f32,zsasa CLI bitmask f32,single,10,37.92197984283334,37.9334331765,0.14579400786814126,1.0,263.7256820832901,93.25,trajectory-full-rerun
5vz0_A_protein,5vz0_A,10001,17910,zsasa_cli_bitmask_f32,zsasa CLI bitmask f32,single,20,36.13627230939333,36.11365862906,0.09804716689931058,1.050390201838361,276.7579321511899,154.08854166666666,trajectory-zsasa-t20
5vz0_A_protein,5vz0_A,10001,17910,zsasa_cli_bitmask_f32,zsasa CLI bitmask f32,single,40,35.303364348533336,35.2739305012,0.05276181293770189,1.0753956998131957,283.287448223486,319.109375,trajectory-zsasa-t40
5vz0_A_protein,5vz0_A,10001,17910,zsasa_cli_bitmask_f32,zsasa CLI bitmask f32,single_corrected,10,37.717521727893335,37.761794200560004,0.11920568632663334,1.0,265.1552790809141,93.015625,trajectory-full-rerun
5vz0_A_protein,5vz0_A,10001,17910,zsasa_cli_bitmask_f32,zsasa CLI bitmask f32,single_corrected,20,36.03505001619334,36.022552960860004,0.08536728614206307,1.0482820093731213,277.53534393613376,159.30208333333334,trajectory-zsasa-t20
5vz0_A_protein,5vz0_A,10001,17910,zsasa_cli_bitmask_f32,zsasa CLI bitmask f32,single_corrected,40,35.28047388479334,35.28904139846,0.04985650541347914,1.0700714075562254,283.4712490727244,299.8333333333333,trajectory-zsasa-t40
5vz0_A_protein,5vz0_A,10001,17910,zsasa_cli_bitmask_f64,zsasa CLI bitmask f64,cycle,10,39.32146725893333,39.3442046476,0.07312619136670422,1.0,254.33944095074176,101.859375,trajectory-full-rerun
5vz0_A_protein,5vz0_A,10001,17910,zsasa_cli_bitmask_f64,zsasa CLI bitmask f64,cycle,20,37.45795206181334,37.49449128348,0.1251277766251683,1.0493329366742197,266.99270647515084,166.95833333333334,trajectory-zsasa-t20
5vz0_A_protein,5vz0_A,10001,17910,zsasa_cli_bitmask_f64,zsasa CLI bitmask f64,cycle,40,36.93823444138667,36.99013120472,0.10735371583612885,1.0636405810471854,270.74926972672495,328.546875,trajectory-zsasa-t40
5vz0_A_protein,5vz0_A,10001,17910,zsasa_cli_bitmask_f64,zsasa CLI bitmask f64,cycle_corrected,10,39.321460843286665,39.32210159262,0.05605387170880457,1.0,254.33948244848756,101.34375,trajectory-full-rerun
5vz0_A_protein,5vz0_A,10001,17910,zsasa_cli_bitmask_f64,zsasa CLI bitmask f64,cycle_corrected,20,37.60385633532667,37.605450029660005,0.09220237205277985,1.0456490099601532,265.9567654662225,168.11458333333334,trajectory-zsasa-t20
5vz0_A_protein,5vz0_A,10001,17910,zsasa_cli_bitmask_f64,zsasa CLI bitmask f64,cycle_corrected,40,36.88614712961999,36.86796593462,0.04840462906401338,1.066565529065315,271.1315975847497,313.0520833333333,trajectory-zsasa-t40
5vz0_A_protein,5vz0_A,10001,17910,zsasa_cli_bitmask_f64,zsasa CLI bitmask f64,per_frame,10,59.50457064941333,59.51571296908,0.025962569884659604,1.0,168.07112278691153,118.0625,trajectory-full-rerun
5vz0_A_protein,5vz0_A,10001,17910,zsasa_cli_bitmask_f64,zsasa CLI bitmask f64,per_frame,20,56.668189658293336,56.65793586696,0.09697578136730674,1.0504391319307929,176.48349206681183,180.61458333333334,trajectory-zsasa-t20
5vz0_A_protein,5vz0_A,10001,17910,zsasa_cli_bitmask_f64,zsasa CLI bitmask f64,per_frame,40,56.70862618953999,56.67881218954,0.10223201808217852,1.050052227101251,176.3576491268396,401.0520833333333,trajectory-zsasa-t40
5vz0_A_protein,5vz0_A,10001,17910,zsasa_cli_bitmask_f64,zsasa CLI bitmask f64,single,10,38.96463275937333,38.96674457904,0.03546520848475378,1.0,256.66865800484567,94.234375,trajectory-full-rerun
5vz0_A_protein,5vz0_A,10001,17910,zsasa_cli_bitmask_f64,zsasa CLI bitmask f64,single,20,36.48921385384,36.45841211784,0.06795472081123903,1.0687998274058845,274.0809939084925,141.22916666666666,trajectory-zsasa-t20
5vz0_A_protein,5vz0_A,10001,17910,zsasa_cli_bitmask_f64,zsasa CLI bitmask f64,single,40,36.25307953180666,36.334522879139996,0.44181761435166306,1.0724440969998585,275.86621961937374,265.4270833333333,trajectory-zsasa-t40
5vz0_A_protein,5vz0_A,10001,17910,zsasa_cli_bitmask_f64,zsasa CLI bitmask f64,single_corrected,10,38.94200915997334,38.94526870164,0.0791275555152432,1.0,256.81777123815067,95.203125,trajectory-full-rerun
5vz0_A_protein,5vz0_A,10001,17910,zsasa_cli_bitmask_f64,zsasa CLI bitmask f64,single_corrected,20,36.48096180165333,36.470368843319996,0.018810366690642722,1.0678605656266433,274.1429914697795,140.703125,trajectory-zsasa-t20
5vz0_A_protein,5vz0_A,10001,17910,zsasa_cli_bitmask_f64,zsasa CLI bitmask f64,single_corrected,40,36.496001173033335,36.4803338947,0.20906479473974965,1.067568866394014,274.0300218805801,306.015625,trajectory-zsasa-t40
5vz0_A_protein,5vz0_A,10001,17910,zsasa_cli_f32,zsasa CLI f32,,10,81.76553627752668,81.73337211086,0.14320320959049967,1.0,122.31314628763442,90.22395833333333,trajectory-full-rerun
5vz0_A_protein,5vz0_A,10001,17910,zsasa_cli_f32,zsasa CLI f32,,20,78.25132516506,78.25998872006,0.01545965898780569,1.0443826206418771,127.80614231010553,138.578125,trajectory-zsasa-t20
5vz0_A_protein,5vz0_A,10001,17910,zsasa_cli_f32,zsasa CLI f32,,40,76.82496857868001,76.80689764868,0.0416690418359457,1.0641410421849613,130.17903144024734,246.890625,trajectory-zsasa-t40
5vz0_A_protein,5vz0_A,10001,17910,zsasa_cli_f64,zsasa CLI f64,,10,83.99088314058666,82.41195634892,2.9517693845397726,1.0,119.07244722334926,85.671875,trajectory-full-rerun
5vz0_A_protein,5vz0_A,10001,17910,zsasa_cli_f64,zsasa CLI f64,,20,79.43899456476,79.50707471776,0.35471690052400384,1.036536140229935,125.89534969311599,145.046875,trajectory-zsasa-t20
5vz0_A_protein,5vz0_A,10001,17910,zsasa_cli_f64,zsasa CLI f64,,40,78.90160665780667,78.90526126914,0.054799100094249466,1.0444418410556797,126.75280547041285,253.24479166666666,trajectory-zsasa-t40
5wvo_C_analysis,5wvo_C,1001,3858,zsasa_cli_bitmask_f32,zsasa CLI bitmask f32,cycle,10,0.8824621283333333,0.88258492,0.0012619260721050051,1.0,1134.3262989546577,24.296875,trajectory-full-rerun
5wvo_C_analysis,5wvo_C,1001,3858,zsasa_cli_bitmask_f32,zsasa CLI bitmask f32,cycle,20,0.8348744551266667,0.83572034346,0.0018368190574535076,1.0560768645956062,1198.9826660202807,33.770833333333336,trajectory-zsasa-t20
5wvo_C_analysis,5wvo_C,1001,3858,zsasa_cli_bitmask_f32,zsasa CLI bitmask f32,cycle,40,0.8055253505133333,0.80648273918,0.0019678239720364358,1.0943630621250215,1242.6672846014064,46.234375,trajectory-zsasa-t40
5wvo_C_analysis,5wvo_C,1001,3858,zsasa_cli_bitmask_f32,zsasa CLI bitmask f32,cycle_corrected,10,0.8802166684066667,0.88130672374,0.003364644962294867,1.0,1137.2200004028218,24.338541666666668,trajectory-full-rerun
5wvo_C_analysis,5wvo_C,1001,3858,zsasa_cli_bitmask_f32,zsasa CLI bitmask f32,cycle_corrected,20,0.8360963487533334,0.83699211242,0.0029212001827239585,1.0529450763781667,1197.2304405976024,32.890625,trajectory-zsasa-t20
5wvo_C_analysis,5wvo_C,1001,3858,zsasa_cli_bitmask_f32,zsasa CLI bitmask f32,cycle_corrected,40,0.7984321610133334,0.7983003416800001,0.0021852958421743306,1.103978888303261,1253.7070134168655,45.5625,trajectory-zsasa-t40
5wvo_C_analysis,5wvo_C,1001,3858,zsasa_cli_bitmask_f32,zsasa CLI bitmask f32,per_frame,10,2.828635480546667,2.8375607448799998,0.022009940880629596,1.0,353.8808753846731,37.546875,trajectory-full-rerun
5wvo_C_analysis,5wvo_C,1001,3858,zsasa_cli_bitmask_f32,zsasa CLI bitmask f32,per_frame,20,2.7306700610333334,2.7250893247000003,0.016357608611569496,1.0412725627598947,366.57669276280274,66.421875,trajectory-zsasa-t20
5wvo_C_analysis,5wvo_C,1001,3858,zsasa_cli_bitmask_f32,zsasa CLI bitmask f32,per_frame,40,2.65728738644,2.6541987334400003,0.010592078633463661,1.0690837536503348,376.69994036326335,126.61458333333333,trajectory-zsasa-t40
5wvo_C_analysis,5wvo_C,1001,3858,zsasa_cli_bitmask_f32,zsasa CLI bitmask f32,single,10,0.8056229795066668,0.8044607568400001,0.0029738819387814456,1.0,1242.5166926258419,24.322916666666668,trajectory-full-rerun
5wvo_C_analysis,5wvo_C,1001,3858,zsasa_cli_bitmask_f32,zsasa CLI bitmask f32,single,20,0.7722141298933334,0.77235449056,0.0015561717596233818,1.0415693398205288,1296.2725768023295,26.239583333333332,trajectory-zsasa-t20
5wvo_C_analysis,5wvo_C,1001,3858,zsasa_cli_bitmask_f32,zsasa CLI bitmask f32,single,40,0.7346602130066667,0.73390118534,0.0030356085733417915,1.0961431496630045,1362.5346551752305,39.40625,trajectory-zsasa-t40
5wvo_C_analysis,5wvo_C,1001,3858,zsasa_cli_bitmask_f32,zsasa CLI bitmask f32,single_corrected,10,0.8095391496133333,0.81131616328,0.00363155424099798,1.0,1236.5059805669875,24.1875,trajectory-full-rerun
5wvo_C_analysis,5wvo_C,1001,3858,zsasa_cli_bitmask_f32,zsasa CLI bitmask f32,single_corrected,20,0.7735229430333335,0.7736943737,0.0003589532538497697,1.048626164101573,1294.079262955829,26.765625,trajectory-zsasa-t20
5wvo_C_analysis,5wvo_C,1001,3858,zsasa_cli_bitmask_f32,zsasa CLI bitmask f32,single_corrected,40,0.7385222433133333,0.73983028498,0.003421880642308927,1.0966246985981825,1355.4094125981594,34.901041666666664,trajectory-zsasa-t40
5wvo_C_analysis,5wvo_C,1001,3858,zsasa_cli_bitmask_f64,zsasa CLI bitmask f64,cycle,10,0.8810379610200001,0.88127168302,0.0007348027766604889,1.0,1136.159898083298,25.78125,trajectory-full-rerun
5wvo_C_analysis,5wvo_C,1001,3858,zsasa_cli_bitmask_f64,zsasa CLI bitmask f64,cycle,20,0.8315663536466668,0.82808726998,0.006255680415488179,1.0642256136135078,1203.7524072616889,36.927083333333336,trajectory-zsasa-t20
5wvo_C_analysis,5wvo_C,1001,3858,zsasa_cli_bitmask_f64,zsasa CLI bitmask f64,cycle,40,0.7979023578600001,0.7991673998600001,0.0024954516210776534,1.1027372777898388,1254.5394685694555,45.661458333333336,trajectory-zsasa-t40
5wvo_C_analysis,5wvo_C,1001,3858,zsasa_cli_bitmask_f64,zsasa CLI bitmask f64,cycle_corrected,10,0.8760038299866667,0.87663531632,0.001163074118794833,1.0,1142.6890679407597,25.203125,trajectory-full-rerun
5wvo_C_analysis,5wvo_C,1001,3858,zsasa_cli_bitmask_f64,zsasa CLI bitmask f64,cycle_corrected,20,0.8411667519133333,0.84360689058,0.0048310766579559225,1.0391514413986023,1190.0137490255138,34.796875,trajectory-zsasa-t20
5wvo_C_analysis,5wvo_C,1001,3858,zsasa_cli_bitmask_f64,zsasa CLI bitmask f64,cycle_corrected,40,0.8039336669133333,0.80368275058,0.00468021378330865,1.09077284001349,1245.1276034293896,46.067708333333336,trajectory-zsasa-t40
5wvo_C_analysis,5wvo_C,1001,3858,zsasa_cli_bitmask_f64,zsasa CLI bitmask f64,per_frame,10,2.8407624966533334,2.84435616332,0.006538073845653907,1.0,352.37018271652965,38.296875,trajectory-full-rerun
5wvo_C_analysis,5wvo_C,1001,3858,zsasa_cli_bitmask_f64,zsasa CLI bitmask f64,per_frame,20,2.715433355806667,2.71544931414,0.00422646009595606,1.0474716462239788,368.63360975494663,67.72916666666667,trajectory-zsasa-t20
5wvo_C_analysis,5wvo_C,1001,3858,zsasa_cli_bitmask_f64,zsasa CLI bitmask f64,per_frame,40,2.64417815604,2.6407224200400004,0.006431354738862439,1.0771128921899014,378.5675324915048,124.19791666666667,trajectory-zsasa-t40
5wvo_C_analysis,5wvo_C,1001,3858,zsasa_cli_bitmask_f64,zsasa CLI bitmask f64,single,10,0.81266290024,0.81353570624,0.0024219311412570785,1.0,1231.753042626136,24.34375,trajectory-full-rerun
5wvo_C_analysis,5wvo_C,1001,3858,zsasa_cli_bitmask_f64,zsasa CLI bitmask f64,single,20,0.7742446349933334,0.7748106906600001,0.004637275445916097,1.0499799706519448,1292.8730206940588,26.875,trajectory-zsasa-t20
5wvo_C_analysis,5wvo_C,1001,3858,zsasa_cli_bitmask_f64,zsasa CLI bitmask f64,single,40,0.7420086113399998,0.73949981934,0.004874136281359409,1.1001161663110028,1349.0409473716018,38.927083333333336,trajectory-zsasa-t40
5wvo_C_analysis,5wvo_C,1001,3858,zsasa_cli_bitmask_f64,zsasa CLI bitmask f64,single_corrected,10,0.8186856692200001,0.8185322942200001,0.0007867313609962696,1.0,1222.691489095808,24.286458333333332,trajectory-full-rerun
5wvo_C_analysis,5wvo_C,1001,3858,zsasa_cli_bitmask_f64,zsasa CLI bitmask f64,single_corrected,20,0.77854463864,0.7788016386400001,0.0032433955683050146,1.0510151155426182,1285.7323142685768,28.09375,trajectory-zsasa-t20
5wvo_C_analysis,5wvo_C,1001,3858,zsasa_cli_bitmask_f64,zsasa CLI bitmask f64,single_corrected,40,0.7398786044933335,0.74136625716,0.004369003898593033,1.104086254688209,1352.9246472608593,43.140625,trajectory-zsasa-t40
5wvo_C_analysis,5wvo_C,1001,3858,zsasa_cli_f32,zsasa CLI f32,,10,1.7368284495933335,1.73593067226,0.009466856361581259,1.0,576.3378647064293,24.328125,trajectory-full-rerun
5wvo_C_analysis,5wvo_C,1001,3858,zsasa_cli_f32,zsasa CLI f32,,20,1.6415922263333333,1.647132726,0.01691210636514475,1.0539106198658579,609.773842701386,28.875,trajectory-zsasa-t20
5wvo_C_analysis,5wvo_C,1001,3858,zsasa_cli_f32,zsasa CLI f32,,40,1.5690330437133333,1.56912809938,0.0022093676580746432,1.1063027122807294,637.9725423952801,51.953125,trajectory-zsasa-t40
5wvo_C_analysis,5wvo_C,1001,3858,zsasa_cli_f64,zsasa CLI f64,,10,1.8091690732666665,1.8032533236000001,0.011347328109106611,1.0,553.2926771695126,24.34375,trajectory-full-rerun
5wvo_C_analysis,5wvo_C,1001,3858,zsasa_cli_f64,zsasa CLI f64,,20,1.6745193732599999,1.67649187326,0.012136239651201315,1.0756111332013245,597.783469086551,29.291666666666668,trajectory-zsasa-t20
5wvo_C_analysis,5wvo_C,1001,3858,zsasa_cli_f64,zsasa CLI f64,,40,1.6350497272733333,1.63498429694,0.0018591342333355784,1.1029178243331932,612.2137958882162,54.098958333333336,trajectory-zsasa-t40
6sup_A_analysis,6sup_A,1001,33377,zsasa_cli_bitmask_f32,zsasa CLI bitmask f32,cycle,10,7.050214624186666,7.04487229052,0.023266355693865474,1.0,141.98149323936053,153.9375,trajectory-full-rerun
6sup_A_analysis,6sup_A,1001,33377,zsasa_cli_bitmask_f32,zsasa CLI bitmask f32,cycle,20,6.8600770854199995,6.854948460419999,0.04011636107869372,1.0277060916207623,145.916727689178,235.5625,trajectory-zsasa-t20
6sup_A_analysis,6sup_A,1001,33377,zsasa_cli_bitmask_f32,zsasa CLI bitmask f32,cycle,40,6.661866703206666,6.65233006454,0.018014699413967716,1.0590082305254864,150.25818506968508,445.2552083333333,trajectory-zsasa-t40
6sup_A_analysis,6sup_A,1001,33377,zsasa_cli_bitmask_f32,zsasa CLI bitmask f32,cycle_corrected,10,7.09920149416,7.088584786159999,0.018649560094886265,1.0,141.00177334358665,145.015625,trajectory-full-rerun
6sup_A_analysis,6sup_A,1001,33377,zsasa_cli_bitmask_f32,zsasa CLI bitmask f32,cycle_corrected,20,6.841561140806667,6.83464168214,0.018248789466622152,1.0371552915032243,146.31163551685736,235.609375,trajectory-zsasa-t20
6sup_A_analysis,6sup_A,1001,33377,zsasa_cli_bitmask_f32,zsasa CLI bitmask f32,cycle_corrected,40,6.664004421193333,6.66679449086,0.024814524786665883,1.063267331230663,150.20998437764385,443.65625,trajectory-zsasa-t40
6sup_A_analysis,6sup_A,1001,33377,zsasa_cli_bitmask_f32,zsasa CLI bitmask f32,per_frame,10,9.043573840679999,9.06497874368,0.08733979182241816,1.0,110.6863301648824,163.31770833333334,trajectory-full-rerun
6sup_A_analysis,6sup_A,1001,33377,zsasa_cli_bitmask_f32,zsasa CLI bitmask f32,per_frame,20,8.791783722526667,8.80372218086,0.0323023609804525,1.029675693695559,113.85630397563091,279.796875,trajectory-zsasa-t20
6sup_A_analysis,6sup_A,1001,33377,zsasa_cli_bitmask_f32,zsasa CLI bitmask f32,per_frame,40,8.652614162126666,8.64075774546,0.047024218998089076,1.0490953468106303,115.68758079858391,524.921875,trajectory-zsasa-t40
6sup_A_analysis,6sup_A,1001,33377,zsasa_cli_bitmask_f32,zsasa CLI bitmask f32,single,10,6.960941507433333,6.9537935071,0.013710467199788207,1.0,143.80238634832213,142.03125,trajectory-full-rerun
6sup_A_analysis,6sup_A,1001,33377,zsasa_cli_bitmask_f32,zsasa CLI bitmask f32,single,20,6.717489348473333,6.72121919614,0.0326694345332002,1.0346029945123003,149.01400628606797,233.859375,trajectory-zsasa-t20
6sup_A_analysis,6sup_A,1001,33377,zsasa_cli_bitmask_f32,zsasa CLI bitmask f32,single,40,6.593396676846666,6.591345524179999,0.020540267753426482,1.0549884665566962,151.8185616702095,431.9583333333333,trajectory-zsasa-t40
6sup_A_analysis,6sup_A,1001,33377,zsasa_cli_bitmask_f32,zsasa CLI bitmask f32,single_corrected,10,6.899578497386667,6.89642378872,0.014010398223694764,1.0,145.08132639974252,145.34375,trajectory-full-rerun
6sup_A_analysis,6sup_A,1001,33377,zsasa_cli_bitmask_f32,zsasa CLI bitmask f32,single_corrected,20,6.715315784006667,6.7109112703400005,0.01873098064309005,1.0276434169529112,149.06223805349586,228.515625,trajectory-zsasa-t20
6sup_A_analysis,6sup_A,1001,33377,zsasa_cli_bitmask_f32,zsasa CLI bitmask f32,single_corrected,40,6.574400739800001,6.568647392800001,0.011285218171748955,1.0499001356472992,152.25722307132304,432.328125,trajectory-zsasa-t40
6sup_A_analysis,6sup_A,1001,33377,zsasa_cli_bitmask_f64,zsasa CLI bitmask f64,cycle,10,7.1671796600799995,7.169148202080001,0.007541489628035621,1.0,139.66442135885106,151.640625,trajectory-full-rerun
6sup_A_analysis,6sup_A,1001,33377,zsasa_cli_bitmask_f64,zsasa CLI bitmask f64,cycle,20,6.999612256253333,6.9855190059200005,0.027819174234315475,1.0262871228328747,143.00792148961162,250.03645833333334,trajectory-zsasa-t20
6sup_A_analysis,6sup_A,1001,33377,zsasa_cli_bitmask_f64,zsasa CLI bitmask f64,cycle,40,6.899273945986667,6.90348716832,0.01939489533818238,1.038482150727985,145.08773065639542,469.90625,trajectory-zsasa-t40
6sup_A_analysis,6sup_A,1001,33377,zsasa_cli_bitmask_f64,zsasa CLI bitmask f64,cycle_corrected,10,7.172491091986667,7.16435985532,0.018190377154662322,1.0,139.5609959165162,161.77604166666666,trajectory-full-rerun
6sup_A_analysis,6sup_A,1001,33377,zsasa_cli_bitmask_f64,zsasa CLI bitmask f64,cycle_corrected,20,7.01005892598,7.00734227298,0.010822628478191652,1.022407579967294,142.79480537462973,250.40625,trajectory-zsasa-t20
6sup_A_analysis,6sup_A,1001,33377,zsasa_cli_bitmask_f64,zsasa CLI bitmask f64,cycle_corrected,40,6.895744301433333,6.8884612871,0.020218847851833064,1.0400522782550399,145.1619950281414,463.2291666666667,trajectory-zsasa-t40
6sup_A_analysis,6sup_A,1001,33377,zsasa_cli_bitmask_f64,zsasa CLI bitmask f64,per_frame,10,9.169434199213333,9.157882449879999,0.04976414339367666,1.0,109.16704109026466,174.09375,trajectory-full-rerun
6sup_A_analysis,6sup_A,1001,33377,zsasa_cli_bitmask_f64,zsasa CLI bitmask f64,per_frame,20,8.99707540518,8.992396627180002,0.01540425539035358,1.018402860723448,111.25837618563045,285.4375,trajectory-zsasa-t20
6sup_A_analysis,6sup_A,1001,33377,zsasa_cli_bitmask_f64,zsasa CLI bitmask f64,per_frame,40,8.972895419679999,8.95674016968,0.07212601164924944,1.022457085545576,111.55819311172789,551.640625,trajectory-zsasa-t40
6sup_A_analysis,6sup_A,1001,33377,zsasa_cli_bitmask_f64,zsasa CLI bitmask f64,single,10,7.047333940473334,7.04666777414,0.024913514167705476,1.0,142.03952990664834,157.53125,trajectory-full-rerun
6sup_A_analysis,6sup_A,1001,33377,zsasa_cli_bitmask_f64,zsasa CLI bitmask f64,single,20,6.872525529173334,6.88138544584,0.031300567275673326,1.0240187575017932,145.652423661554,242.140625,trajectory-zsasa-t20
6sup_A_analysis,6sup_A,1001,33377,zsasa_cli_bitmask_f64,zsasa CLI bitmask f64,single,40,6.831855673580001,6.8355886875800005,0.013659564414379419,1.0308794306104934,146.51948867582857,468.4166666666667,trajectory-zsasa-t40
6sup_A_analysis,6sup_A,1001,33377,zsasa_cli_bitmask_f64,zsasa CLI bitmask f64,single_corrected,10,7.07875879612,7.060428032120001,0.03201851261014783,1.0,141.40897137908794,147.578125,trajectory-full-rerun
6sup_A_analysis,6sup_A,1001,33377,zsasa_cli_bitmask_f64,zsasa CLI bitmask f64,single_corrected,20,6.888401169800001,6.8789706558,0.022487510527236756,1.0263785652533646,145.3167397375991,242.85416666666666,trajectory-zsasa-t20
6sup_A_analysis,6sup_A,1001,33377,zsasa_cli_bitmask_f64,zsasa CLI bitmask f64,single_corrected,40,6.849302851146665,6.850152212479999,0.01394021201105579,1.0306965178462617,146.14626068584764,460.8020833333333,trajectory-zsasa-t40
6sup_A_analysis,6sup_A,1001,33377,zsasa_cli_f32,zsasa CLI f32,,10,14.955956477446668,14.96185889378,0.027041929010047774,1.0,66.9298551055221,142.828125,trajectory-full-rerun
6sup_A_analysis,6sup_A,1001,33377,zsasa_cli_f32,zsasa CLI f32,,20,14.667009788313335,14.66602745498,0.017865807221225924,1.0201712044865665,68.24840335196315,227.80729166666666,trajectory-zsasa-t20
6sup_A_analysis,6sup_A,1001,33377,zsasa_cli_f32,zsasa CLI f32,,40,14.636405527826668,14.63619638916,0.007821555321684678,1.022250487487391,68.39110860223867,444.6041666666667,trajectory-zsasa-t40
6sup_A_analysis,6sup_A,1001,33377,zsasa_cli_f64,zsasa CLI f64,,10,15.436239697413333,15.44285415608,0.021638025093853812,1.0,64.84739934219463,147.1875,trajectory-full-rerun
6sup_A_analysis,6sup_A,1001,33377,zsasa_cli_f64,zsasa CLI f64,,20,15.47866704914,15.60815600814,0.2320879345242148,0.9894092644913473,64.66965125757491,237.50520833333334,trajectory-zsasa-t20
6sup_A_analysis,6sup_A,1001,33377,zsasa_cli_f64,zsasa CLI f64,,40,15.11784473998,15.10882403198,0.021755771762416554,1.0221082807896218,66.21314196677774,463.6614583333333,trajectory-zsasa-t40
