structure_id,structure_role,n_atoms,expected_chains,variant,display_name,threads,runtime_mean_s,runtime_stddev_s,peak_rss_mean_mib,peak_rss_stddev_mib,atoms_per_sec,cpu_utilization_proxy,speedup_vs_1_thread,parallel_efficiency
AF-P49792-F10-model_v6,single-medium,10919,1,zsasa_f64,zsasa f64,1,0.024571274013333335,0.0005280072484552973,5.072916666666667,0.009021097956087902,444380.7022002572,0.8994492235665384,1.0,1.0
AF-P49792-F10-model_v6,single-medium,10919,1,zsasa_f64,zsasa f64,4,0.013369808053333335,0.00011444758613589696,5.078125,0.0,816690.8572242139,1.729405032674994,1.837818008704117,0.45945450217602923
AF-P49792-F10-model_v6,single-medium,10919,1,zsasa_f64,zsasa f64,8,0.011923289813333333,0.00034148718929021715,5.098958333333333,0.018042195912175804,915770.7454019715,2.3016477635765176,2.060779734285773,0.25759746678572165
AF-P49792-F10-model_v6,single-medium,10919,1,zsasa_f64,zsasa f64,10,0.0118189217,0.00031011128287116563,5.09375,0.0,923857.5461583775,2.464496119528964,2.0789776459330747,0.20789776459330747
AF-P49792-F10-model_v6,single-medium,10919,1,zsasa_f32,zsasa f32,1,0.024331051693333338,0.00021851819940758583,4.6875,0.0,448768.10659983865,0.922524309658872,1.0,1.0
AF-P49792-F10-model_v6,single-medium,10919,1,zsasa_f32,zsasa f32,4,0.013817870726666667,0.00012900549182625322,4.6875,0.0,790208.5795988648,1.6727087545208952,1.7608394357299653,0.4402098589324913
AF-P49792-F10-model_v6,single-medium,10919,1,zsasa_f32,zsasa f32,8,0.013030187293333334,0.0004124343806114287,4.6875,0.0,837977.210472371,2.14509835538849,1.867283343331672,0.233410417916459
AF-P49792-F10-model_v6,single-medium,10919,1,zsasa_f32,zsasa f32,10,0.012157149006666668,0.00024398859152905666,4.692708333333333,0.009021097956087902,898154.6573141697,2.39141101125414,2.0013780928399263,0.20013780928399263
AF-P49792-F10-model_v6,single-medium,10919,1,zsasa_bitmask_f64,zsasa bitmask f64,1,0.02456799984666667,0.00013947922004489842,7.328125,0.0,444439.9246233903,0.9272853634341591,1.0,1.0
AF-P49792-F10-model_v6,single-medium,10919,1,zsasa_bitmask_f64,zsasa bitmask f64,4,0.023656683573333337,0.00030785732214182236,7.390625,0.0,461560.893189115,0.9726204124093656,1.0385225710319177,0.2596306427579794
AF-P49792-F10-model_v6,single-medium,10919,1,zsasa_bitmask_f64,zsasa bitmask f64,8,0.023699395186666666,0.00043162790941426917,7.375,0.0,460729.05717623775,1.016075156222313,1.0366509209690162,0.12958136512112703
AF-P49792-F10-model_v6,single-medium,10919,1,zsasa_bitmask_f64,zsasa bitmask f64,10,0.02314419274,0.00015271424831691372,7.354166666666667,0.009021097956087902,471781.4150038918,1.0471940098438708,1.0615189789793753,0.10615189789793752
AF-P49792-F10-model_v6,single-medium,10919,1,zsasa_bitmask_f32,zsasa bitmask f32,1,0.024174799546666667,0.00015450442298631234,6.963541666666667,0.018042195912175804,451668.68825208367,0.9311489824991672,1.0,1.0
AF-P49792-F10-model_v6,single-medium,10919,1,zsasa_bitmask_f32,zsasa bitmask f32,4,0.023398441893333333,0.00029955687489412257,6.96875,0.0,466655.00419970416,0.9715336361696043,1.0331798868006905,0.2582949717001726
AF-P49792-F10-model_v6,single-medium,10919,1,zsasa_bitmask_f32,zsasa bitmask f32,8,0.023418359666666666,0.0002235120943580756,7.0,0.0,466258.10498341336,1.0151715863845232,1.03230114708148,0.129037643385185
AF-P49792-F10-model_v6,single-medium,10919,1,zsasa_bitmask_f32,zsasa bitmask f32,10,0.02307417352666667,4.3272070049090086e-05,6.989583333333333,0.018042195912175804,473213.0486659028,1.0406948402975937,1.0476994774581205,0.10476994774581205
AF-P49792-F10-model_v6,single-medium,10919,1,freesasa,FreeSASA,1,0.04009970333333334,0.0009453233445347342,46.359375,0.0,272296.2788336505,0.9660608461691857,1.0,1.0
AF-P49792-F10-model_v6,single-medium,10919,1,freesasa,FreeSASA,4,0.02788379350666667,0.0007812661077036009,46.375,0.0,391589.47283802694,1.431514928452014,1.4381007133676411,0.3595251783419103
AF-P49792-F10-model_v6,single-medium,10919,1,freesasa,FreeSASA,8,0.02607526280666667,0.00025455115113928256,46.375,0.0,418749.37487526826,1.6785796941412279,1.5378446472677942,0.19223058090847428
AF-P49792-F10-model_v6,single-medium,10919,1,freesasa,FreeSASA,10,0.02608286413333333,0.0005824177259255875,46.375,0.015625,418627.3387839243,1.745675874931138,1.537396473345379,0.1537396473345379
AF-P49792-F10-model_v6,single-medium,10919,1,rustsasa,RustSASA,1,0.02593224364,0.0008244916602907525,16.15625,0.0,421058.8235858484,0.9110894399005935,1.0,1.0
AF-P49792-F10-model_v6,single-medium,10919,1,rustsasa,RustSASA,4,0.019793836633333336,0.0011521297112306132,16.578125,0.0,551636.360462434,1.2300367593044308,1.31011708949489,0.3275292723737225
AF-P49792-F10-model_v6,single-medium,10919,1,rustsasa,RustSASA,8,0.01945830758666667,0.00010511273518148655,17.088541666666668,0.009021097956087902,561148.4941003799,1.4347595857958095,1.3327080746616133,0.16658850933270167
AF-P49792-F10-model_v6,single-medium,10919,1,rustsasa,RustSASA,10,0.020577653333333334,0.0012208335317709504,17.4375,0.0,530624.1592821727,1.4338376128408552,1.2602138455696925,0.12602138455696926
AF-0000000066638622,multi-medium-nvda,14618,2,zsasa_f64,zsasa f64,1,0.03645386768,0.0001090285127294694,7.744791666666667,0.009021097956087902,400999.9742227626,0.9591701025233983,1.0,1.0
AF-0000000066638622,multi-medium-nvda,14618,2,zsasa_f64,zsasa f64,4,0.019600211746666665,0.00018168430724840645,7.729166666666667,0.009021097956087902,745808.2692645414,1.8367757348058196,1.8598711152291287,0.4649677788072822
AF-0000000066638622,multi-medium-nvda,14618,2,zsasa_f64,zsasa f64,8,0.018250203093333334,0.00014879853812901973,7.765625,0.0,800977.387771638,2.3871526128886944,1.9974499732179054,0.24968124665223818
AF-0000000066638622,multi-medium-nvda,14618,2,zsasa_f64,zsasa f64,10,0.01705550201333333,0.00022886908430439653,7.75,0.0,857084.1238547076,2.6642976147995747,2.13736702980081,0.21373670298008102
AF-0000000066638622,multi-medium-nvda,14618,2,zsasa_f32,zsasa f32,1,0.06666638480666666,0.05090287613567549,7.734375,0.0,219270.9270555525,0.5255718220651066,1.0,1.0
AF-0000000066638622,multi-medium-nvda,14618,2,zsasa_f32,zsasa f32,4,0.020592298453333335,0.00017302141907386384,7.734375,0.0,709877.0461746947,1.7566480051742113,3.237442627288416,0.809360656822104
AF-0000000066638622,multi-medium-nvda,14618,2,zsasa_f32,zsasa f32,8,0.018730219353333338,0.0004297212797806664,7.734375,0.0,780450.0163207377,2.3218688747280347,3.559295465207797,0.4449119331509746
AF-0000000066638622,multi-medium-nvda,14618,2,zsasa_f32,zsasa f32,10,0.018020083540000006,0.0002016840951612197,7.71875,0.0,811206.0062070054,2.5117867276361503,3.699560252242129,0.3699560252242129
AF-0000000066638622,multi-medium-nvda,14618,2,zsasa_bitmask_f64,zsasa bitmask f64,1,0.03052115474,6.037548312850229e-05,9.984375,0.0,478946.4921798041,0.9371139540312162,1.0,1.0
AF-0000000066638622,multi-medium-nvda,14618,2,zsasa_bitmask_f64,zsasa bitmask f64,4,0.02845699216,0.0002484475696983143,10.010416666666666,0.009021097956087902,513687.45923005516,1.0119158004504998,1.0725362177560511,0.2681340544390128
AF-0000000066638622,multi-medium-nvda,14618,2,zsasa_bitmask_f64,zsasa bitmask f64,8,0.02875390460666667,5.4069633902344156e-05,10.036458333333334,0.009021097956087902,508383.1291772032,1.0643152788684067,1.06146122265856,0.13268265283232
AF-0000000066638622,multi-medium-nvda,14618,2,zsasa_bitmask_f64,zsasa bitmask f64,10,0.028440896020000005,4.063130213271629e-05,10.0625,0.0,513978.18091667834,1.1030191633650692,1.0731432201902897,0.10731432201902898
AF-0000000066638622,multi-medium-nvda,14618,2,zsasa_bitmask_f32,zsasa bitmask f32,1,0.030029467460000004,5.181605862085679e-05,10.010416666666666,0.009021097956087902,486788.51929264277,0.9454235811701824,1.0,1.0
AF-0000000066638622,multi-medium-nvda,14618,2,zsasa_bitmask_f32,zsasa bitmask f32,4,0.02819001764,0.00020878544420768256,10.015625,0.0,518552.35376858746,1.0161440963184867,1.0652518151457249,0.2663129537864312
AF-0000000066638622,multi-medium-nvda,14618,2,zsasa_bitmask_f32,zsasa bitmask f32,8,0.027934004233333334,6.159826232397624e-05,10.010416666666666,0.009021097956087902,523304.85375084553,1.0736474829321134,1.0750147815960511,0.1343768476995064
AF-0000000066638622,multi-medium-nvda,14618,2,zsasa_bitmask_f32,zsasa bitmask f32,10,0.028084570586666666,0.00015784569695222232,10.067708333333334,0.009021097956087902,520499.32381519093,1.0991190544078173,1.0692514370953812,0.10692514370953812
AF-0000000066638622,multi-medium-nvda,14618,2,freesasa,FreeSASA,1,0.057510088193333336,0.0006035994168704383,61.432291666666664,0.03608439182435161,254181.4916168837,0.9780841663391366,1.0,1.0
AF-0000000066638622,multi-medium-nvda,14618,2,freesasa,FreeSASA,4,0.03834533802666667,0.0002538029990451927,61.53125,0.0,381219.7454051426,1.5041127892319963,1.4997934860644295,0.3749483715161074
AF-0000000066638622,multi-medium-nvda,14618,2,freesasa,FreeSASA,8,0.03624647340666667,0.0007538130073568196,61.458333333333336,0.018042195912175804,403294.4070446139,1.728612490481421,1.586639548297566,0.19832994353719574
AF-0000000066638622,multi-medium-nvda,14618,2,freesasa,FreeSASA,10,0.035057691646666674,0.00026940106295695107,61.46875,0.0,416969.8378127499,1.8423492905436198,1.6404413836756837,0.16404413836756837
AF-0000000066638622,multi-medium-nvda,14618,2,rustsasa,RustSASA,1,0.03896317363333334,0.00047433554589270944,20.21875,0.0,375174.7775364523,0.9535539126330697,1.0,1.0
AF-0000000066638622,multi-medium-nvda,14618,2,rustsasa,RustSASA,4,0.031297656380000004,0.0003526931555573444,20.723958333333332,0.07216878364870322,467063.72587505536,1.208022294309139,1.244923043446531,0.31123076086163276
AF-0000000066638622,multi-medium-nvda,14618,2,rustsasa,RustSASA,8,0.031250739160000006,0.0006691599485272546,21.296875,0.027063293868263706,467764.93589983927,1.3553778610848062,1.2467920657443206,0.15584900821804007
AF-0000000066638622,multi-medium-nvda,14618,2,rustsasa,RustSASA,10,0.030692213240000002,0.00036780346090269545,21.640625,0.0,476277.15491527057,1.4320863619804562,1.2694807418630243,0.12694807418630244
AF-Q6ZS30-F1-model_v6,single-large,21611,1,zsasa_f64,zsasa f64,1,0.0519692322,0.0002677613305520401,9.109375,0.0,415842.2028794183,0.9664606897925268,1.0,1.0
AF-Q6ZS30-F1-model_v6,single-large,21611,1,zsasa_f64,zsasa f64,4,0.027563034453333333,8.822826345527548e-05,9.098958333333334,0.018042195912175804,784057.3590179029,1.8725961911313196,1.885468462769893,0.47136711569247325
AF-Q6ZS30-F1-model_v6,single-large,21611,1,zsasa_f64,zsasa f64,8,0.025074060353333334,0.00022306641745752128,9.109375,0.0,861886.7345562181,2.4805247251627613,2.072629301663591,0.2590786627079489
AF-Q6ZS30-F1-model_v6,single-large,21611,1,zsasa_f64,zsasa f64,10,0.024275082553333337,9.846893023859544e-05,9.119791666666666,0.009021097956087902,890254.438991907,2.6863002363320754,2.140846775116892,0.2140846775116892
AF-Q6ZS30-F1-model_v6,single-large,21611,1,zsasa_f32,zsasa f32,1,0.051929054040000006,0.0003089304379484144,9.083333333333334,0.009021097956087902,416163.94520403625,0.9601522870336497,1.0,1.0
AF-Q6ZS30-F1-model_v6,single-large,21611,1,zsasa_f32,zsasa f32,4,0.02816970788666667,0.00013253144691480987,9.09375,0.0,767171.6045812798,1.8243381699267758,1.843436014633973,0.46085900365849325
AF-Q6ZS30-F1-model_v6,single-large,21611,1,zsasa_f32,zsasa f32,8,0.025869779213333333,0.0002896040353039539,9.104166666666666,0.009021097956087902,835376.2829510988,2.3847228391318094,2.007324979922352,0.250915622490294
AF-Q6ZS30-F1-model_v6,single-large,21611,1,zsasa_f32,zsasa f32,10,0.02481747348666667,0.000193224187953612,9.125,0.0,870797.7470636016,2.5945552717628866,2.0924391867648895,0.20924391867648895
AF-Q6ZS30-F1-model_v6,single-large,21611,1,zsasa_bitmask_f64,zsasa bitmask f64,1,0.036856491600000006,7.956758133813274e-05,11.354166666666666,0.009021097956087902,586355.3220024881,0.9462778057800812,1.0,1.0
AF-Q6ZS30-F1-model_v6,single-large,21611,1,zsasa_bitmask_f64,zsasa bitmask f64,4,0.034028961833333336,8.829286599342812e-05,11.40625,0.0,635076.6769155671,1.0335572437460634,1.0830918610010882,0.27077296525027206
AF-Q6ZS30-F1-model_v6,single-large,21611,1,zsasa_bitmask_f64,zsasa bitmask f64,8,0.03383204882666667,5.6008133340913455e-05,11.416666666666666,0.009021097956087902,638773.019946875,1.1009487933812239,1.0893957912164471,0.1361744739020559
AF-Q6ZS30-F1-model_v6,single-large,21611,1,zsasa_bitmask_f64,zsasa bitmask f64,10,0.03381743717333333,0.00021544502924257452,11.4375,0.0,639049.017500395,1.1278847991299072,1.0898664913928815,0.10898664913928816
AF-Q6ZS30-F1-model_v6,single-large,21611,1,zsasa_bitmask_f32,zsasa bitmask f32,1,0.03633055433333333,6.390824535483088e-05,11.40625,0.0,594843.6624918735,0.949537397186058,1.0,1.0
AF-Q6ZS30-F1-model_v6,single-large,21611,1,zsasa_bitmask_f32,zsasa bitmask f32,4,0.034233073286666665,0.00024876054243455414,11.390625,0.0,631290.0924503674,1.01905370014171,1.0612706031124468,0.2653176507781117
AF-Q6ZS30-F1-model_v6,single-large,21611,1,zsasa_bitmask_f32,zsasa bitmask f32,8,0.03349132313333334,0.00021157076608154947,11.401041666666666,0.009021097956087902,645271.61002161,1.099977244454323,1.0847751278352495,0.1355968909794062
AF-Q6ZS30-F1-model_v6,single-large,21611,1,zsasa_bitmask_f32,zsasa bitmask f32,10,0.033543583319999994,2.1483642032950222e-05,11.453125,0.0,644266.2906295607,1.1232836885835726,1.083085071345721,0.1083085071345721
AF-Q6ZS30-F1-model_v6,single-large,21611,1,freesasa,FreeSASA,1,0.08087290288,0.00040617501291438207,89.6875,0.0,267221.7668761886,0.9851050701726296,1.0,1.0
AF-Q6ZS30-F1-model_v6,single-large,21611,1,freesasa,FreeSASA,4,0.05476582669333333,0.0006886615415066606,89.609375,0.0,394607.3912298071,1.5517488148683722,1.4767037724611705,0.3691759431152926
AF-Q6ZS30-F1-model_v6,single-large,21611,1,freesasa,FreeSASA,8,0.05120258478666667,0.0012692508210957899,89.59375,0.0,422068.53599366685,1.7975352946888816,1.5794691462736385,0.19743364328420482
AF-Q6ZS30-F1-model_v6,single-large,21611,1,freesasa,FreeSASA,10,0.05044270658666667,0.0009159644175525245,89.6875,0.08118988160479113,428426.65396769874,1.8685756516928782,1.6032625596933536,0.16032625596933536
AF-Q6ZS30-F1-model_v6,single-large,21611,1,rustsasa,RustSASA,1,0.0550696018,0.0009994154508966755,28.010416666666668,0.009021097956087902,392430.6567257583,0.9584185274909082,1.0,1.0
AF-Q6ZS30-F1-model_v6,single-large,21611,1,rustsasa,RustSASA,4,0.04468362001333334,0.0015714163252462192,28.4375,0.0,483644.7896019033,1.2049610121994108,1.232433759475341,0.30810843986883524
AF-Q6ZS30-F1-model_v6,single-large,21611,1,rustsasa,RustSASA,8,0.042750627640000004,0.0003571109129052226,29.104166666666668,0.009021097956087902,505513.0460770002,1.397619558629089,1.2881589076010111,0.1610198634501264
AF-Q6ZS30-F1-model_v6,single-large,21611,1,rustsasa,RustSASA,10,0.042346378399999995,3.700299200064845e-05,29.328125,0.015625,510338.80148768524,1.465548546964605,1.300455998381198,0.1300455998381198
AF-0000000065781219,multi-large-nvda,24140,2,zsasa_f64,zsasa f64,1,0.058587885166666666,0.00023085929057833508,10.171875,0.0,412030.5747737478,0.9728426477793641,1.0,1.0
AF-0000000065781219,multi-large-nvda,24140,2,zsasa_f64,zsasa f64,4,0.03103584301333333,0.0001742456148955621,10.192708333333334,0.018042195912175804,777810.3526825161,1.8840263704628972,1.8877491145156482,0.47193727862891205
AF-0000000065781219,multi-large-nvda,24140,2,zsasa_f64,zsasa f64,8,0.02811204950666667,0.00023520784096057166,10.197916666666666,0.009021097956087902,858706.512816694,2.4932262581345577,2.0840844475879554,0.2605105559484944
AF-0000000065781219,multi-large-nvda,24140,2,zsasa_f64,zsasa f64,10,0.027238294120000003,0.00013205786484340868,10.203125,0.0,886252.270191728,2.6937100518638,2.1509381207411185,0.21509381207411185
AF-0000000065781219,multi-large-nvda,24140,2,zsasa_f32,zsasa f32,1,0.05828261668666668,0.0001592140533882974,9.765625,0.0,414188.67875783815,0.9656426426865496,1.0,1.0
AF-0000000065781219,multi-large-nvda,24140,2,zsasa_f32,zsasa f32,4,0.03167573838666667,0.0002557596215479151,9.765625,0.0,762097.4673209606,1.8254597875769207,1.839976576874359,0.45999414421858975
AF-0000000065781219,multi-large-nvda,24140,2,zsasa_f32,zsasa f32,8,0.02844853068,0.0002991880187908596,9.776041666666666,0.009021097956087902,848549.9750948824,2.435272578607095,2.048703932805948,0.2560879916007435
AF-0000000065781219,multi-large-nvda,24140,2,zsasa_f32,zsasa f32,10,0.027682295300000003,9.272789164539347e-05,9.770833333333334,0.009021097956087902,872037.5148949443,2.627157630723393,2.105411276595502,0.21054112765955021
AF-0000000065781219,multi-large-nvda,24140,2,zsasa_bitmask_f64,zsasa bitmask f64,1,0.039363246786666674,0.0001848757476640315,12.359375,0.0,613262.4204204829,0.9517414438999787,1.0,1.0
AF-0000000065781219,multi-large-nvda,24140,2,zsasa_bitmask_f64,zsasa bitmask f64,4,0.0364966936,0.00017994283951022072,12.40625,0.0,661429.7794910386,1.0433542396289837,1.078542818647733,0.26963570466193326
AF-0000000065781219,multi-large-nvda,24140,2,zsasa_bitmask_f64,zsasa bitmask f64,8,0.03611723013333334,0.00015762343876890057,12.401041666666666,0.018042195912175804,668379.0509649492,1.1131532840395812,1.0898744627245798,0.13623430784057247
AF-0000000065781219,multi-large-nvda,24140,2,zsasa_bitmask_f64,zsasa bitmask f64,10,0.03601450990666667,0.00012286430528975366,12.411458333333334,0.009021097956087902,670285.3950410533,1.143831197668872,1.0929829918185312,0.10929829918185312
AF-0000000065781219,multi-large-nvda,24140,2,zsasa_bitmask_f32,zsasa bitmask f32,1,0.038899758486666665,0.0003235363681973541,12.046875,0.0,620569.4055471902,0.9503232951777231,1.0,1.0
AF-0000000065781219,multi-large-nvda,24140,2,zsasa_bitmask_f32,zsasa bitmask f32,4,0.036132314213333336,0.00024339169231782509,12.046875,0.0,668100.0241908667,1.038159538998599,1.0765919463944023,0.26914798659860056
AF-0000000065781219,multi-large-nvda,24140,2,zsasa_bitmask_f32,zsasa bitmask f32,8,0.03561443070666667,0.00020418060467226813,12.046875,0.0,677815.1305807965,1.112687541174578,1.0922470952030412,0.13653088690038015
AF-0000000065781219,multi-large-nvda,24140,2,zsasa_bitmask_f32,zsasa bitmask f32,10,0.03589857214000001,9.207925913581308e-05,12.083333333333334,0.009021097956087902,672450.1438624627,1.1375631647430007,1.0836018305954453,0.10836018305954453
AF-0000000065781219,multi-large-nvda,24140,2,freesasa,FreeSASA,1,0.09048107132666666,0.0022192227446726307,99.625,0.0,266796.13366696995,0.9882287940333796,1.0,1.0
AF-0000000065781219,multi-large-nvda,24140,2,freesasa,FreeSASA,4,0.05948356431333334,0.001972084047191023,99.671875,0.0,405826.3871485754,1.5119588248991418,1.521110450780186,0.3802776126950465
AF-0000000065781219,multi-large-nvda,24140,2,freesasa,FreeSASA,8,0.057350856260000006,2.3108834090020816e-05,99.70833333333333,0.018042195912175804,420917.86547285976,1.7996157929842678,1.5776760318358785,0.1972095039794848
AF-0000000065781219,multi-large-nvda,24140,2,freesasa,FreeSASA,10,0.05562215035333334,0.001146498319158528,99.796875,0.0,433999.76172538125,1.8997332177096282,1.6267093370518044,0.16267093370518043
AF-0000000065781219,multi-large-nvda,24140,2,rustsasa,RustSASA,1,0.06143184301333334,5.461621609315115e-05,30.526041666666668,0.009021097956087902,392955.8160050739,0.9706311429897723,1.0,1.0
AF-0000000065781219,multi-large-nvda,24140,2,rustsasa,RustSASA,4,0.04974500078,0.00013705801540953136,30.9375,0.0,485274.89439110627,1.2232426517747994,1.2349350095503877,0.3087337523875969
AF-0000000065781219,multi-large-nvda,24140,2,rustsasa,RustSASA,8,0.04795093034666667,0.0002863676947114209,31.609375,0.0,503431.3166705451,1.4045486259895925,1.2811397520174246,0.16014246900217807
AF-0000000065781219,multi-large-nvda,24140,2,rustsasa,RustSASA,10,0.047743154786666665,0.00013308230470026342,31.921875,0.0,505622.2218214543,1.4647702617436502,1.2867152011179945,0.12867152011179944
3jc8,multi-100k-pdb,107500,3,zsasa_f64,zsasa f64,1,0.19287271612666668,0.0006759864644061567,37.203125,0.0,557362.4002339488,0.9886571335545289,1.0,1.0
3jc8,multi-100k-pdb,107500,3,zsasa_f64,zsasa f64,4,0.09143991664666666,0.001081252251198738,37.203125,0.0,1175635.3673789005,2.1470009364211653,2.1092835951715365,0.5273208987928841
3jc8,multi-100k-pdb,107500,3,zsasa_f64,zsasa f64,8,0.08064935397333334,0.001072521858727985,37.21875,0.0,1332930.7019067358,2.955394204548046,2.3914973477709434,0.2989371684713679
3jc8,multi-100k-pdb,107500,3,zsasa_f64,zsasa f64,10,0.07805499105333334,0.00010588794275711167,37.234375,0.0,1377234.159524117,3.189396902198931,2.4709850519985426,0.24709850519985427
3jc8,multi-100k-pdb,107500,3,zsasa_f32,zsasa f32,1,0.19115117097333334,0.0005289931271390277,38.213541666666664,0.009021097956087902,562382.1159588755,0.9891793270418666,1.0,1.0
3jc8,multi-100k-pdb,107500,3,zsasa_f32,zsasa f32,4,0.09186009787333334,0.0005841991858521614,38.046875,0.0,1170257.8430542569,2.1131055938382155,2.080894484098126,0.5202236210245315
3jc8,multi-100k-pdb,107500,3,zsasa_f32,zsasa f32,8,0.0809276785,0.00038117148973657874,38.046875,0.0,1328346.518675931,2.92420489157283,2.3619999302628374,0.2952499912828547
3jc8,multi-100k-pdb,107500,3,zsasa_f32,zsasa f32,10,0.07897136318666668,0.0008763253512961562,38.041666666666664,0.009021097956087902,1361252.9360282084,3.1213816002813832,2.420512490350512,0.2420512490350512
3jc8,multi-100k-pdb,107500,3,zsasa_bitmask_f64,zsasa bitmask f64,1,0.08245795389333334,0.000596821131953558,39.734375,0.0,1303694.730760125,0.9734937166139161,1.0,1.0
3jc8,multi-100k-pdb,107500,3,zsasa_bitmask_f64,zsasa bitmask f64,4,0.07318143680666667,0.0005655523581511537,39.734375,0.0,1468951.7545822083,1.1089266651194505,1.1267605214034497,0.28169013035086243
3jc8,multi-100k-pdb,107500,3,zsasa_bitmask_f64,zsasa bitmask f64,8,0.07251557781333333,0.00044618143795358657,39.765625,0.015625,1482440.094137044,1.2085724103621827,1.1371067621579638,0.14213834526974548
3jc8,multi-100k-pdb,107500,3,zsasa_bitmask_f64,zsasa bitmask f64,10,0.07219062363333334,0.0003161212243749748,39.755208333333336,0.009021097956087902,1489113.0536010896,1.2510584078811686,1.1422252606120882,0.11422252606120882
3jc8,multi-100k-pdb,107500,3,zsasa_bitmask_f32,zsasa bitmask f32,1,0.0812222569,0.00048056289542889344,38.0625,0.0,1323528.8466848796,0.9810730421437803,1.0,1.0
3jc8,multi-100k-pdb,107500,3,zsasa_bitmask_f32,zsasa bitmask f32,4,0.07286842832,0.00030179862852736794,38.057291666666664,0.009021097956087902,1475261.680242591,1.1046642355613066,1.1146426343012965,0.2786606585753241
3jc8,multi-100k-pdb,107500,3,zsasa_bitmask_f32,zsasa bitmask f32,8,0.07227250235333335,0.00017742634541221153,38.078125,0.0,1487426.0126547546,1.1988471019919489,1.12383346715895,0.14047918339486876
3jc8,multi-100k-pdb,107500,3,zsasa_bitmask_f32,zsasa bitmask f32,10,0.07177076151333334,0.00033045917871400493,38.067708333333336,0.023867581744561668,1497824.4306357123,1.2409095030077748,1.1316900529878144,0.11316900529878145
3jc8,multi-100k-pdb,107500,3,freesasa,FreeSASA,1,0.36333159316,0.00538025009632108,442.203125,0.0,295872.97670714895,0.9911687838683112,1.0,1.0
3jc8,multi-100k-pdb,107500,3,freesasa,FreeSASA,4,0.24143697314666668,0.004160866702692388,442.2604166666667,0.018042195912175804,445250.777455268,1.516523733825873,1.5048713891028014,0.37621784727570035
3jc8,multi-100k-pdb,107500,3,freesasa,FreeSASA,8,0.24277347869333332,0.017077700178539754,442.3229166666667,0.039322054350368486,442799.60306451714,1.761884105444831,1.4965868393678756,0.18707335492098445
3jc8,multi-100k-pdb,107500,3,freesasa,FreeSASA,10,0.22924776127333335,0.0015001919592373268,442.375,0.0,468924.9718422644,1.8782911158723756,1.584886112483331,0.1584886112483331
3jc8,multi-100k-pdb,107500,3,rustsasa,RustSASA,1,0.20911859472000002,0.00033642336231748534,131.546875,0.0,514062.36802584416,0.9896600871088076,1.0,1.0
3jc8,multi-100k-pdb,107500,3,rustsasa,RustSASA,4,0.15879416718666667,0.0005656205429210823,131.921875,0.0,676977.0068042295,1.3279319410944483,1.3169160960060686,0.32922902400151716
3jc8,multi-100k-pdb,107500,3,rustsasa,RustSASA,8,0.1529518298066667,0.0005268446144835612,132.546875,0.0,702835.6583630386,1.5591464774766122,1.3672186529859036,0.17090233162323795
3jc8,multi-100k-pdb,107500,3,rustsasa,RustSASA,10,0.15125915150000002,0.0009765173992187732,132.88020833333334,0.009021097956087902,710700.8001429916,1.6312494432223932,1.3825186287654139,0.1382518628765414
8rbs,freesasa-runtime-outlier,164605,5,zsasa_f64,zsasa f64,1,0.2969824496133333,0.0006334637860385751,48.088541666666664,0.018042195912175804,554258.3415764576,0.991087970742224,1.0,1.0
8rbs,freesasa-runtime-outlier,164605,5,zsasa_f64,zsasa f64,4,0.13959943713333334,0.0001238415276001316,48.09375,0.0,1179123.6653968992,2.1533693318516085,2.127390021850026,0.5318475054625065
8rbs,freesasa-runtime-outlier,164605,5,zsasa_f64,zsasa f64,8,0.12320977062666667,0.0011588795343237116,48.098958333333336,0.009021097956087902,1335973.59335051,2.94630692155052,2.410380671133694,0.30129758389171174
8rbs,freesasa-runtime-outlier,164605,5,zsasa_f64,zsasa f64,10,0.11818203455333336,0.0008205642603089268,48.109375,0.0,1392808.988456844,3.228613735091921,2.512923819053992,0.2512923819053992
8rbs,freesasa-runtime-outlier,164605,5,zsasa_f32,zsasa f32,1,0.29108967166666666,0.00012533198802514207,49.958333333333336,0.018042195912175804,565478.6686780591,0.9925683668050447,1.0,1.0
8rbs,freesasa-runtime-outlier,164605,5,zsasa_f32,zsasa f32,4,0.13939267147333334,0.000343722074226162,49.96875,0.0,1180872.6976833206,2.1240721161105562,2.08827098720433,0.5220677468010825
8rbs,freesasa-runtime-outlier,164605,5,zsasa_f32,zsasa f32,8,0.12278712282666666,0.0009900477967231325,49.96875,0.0,1340572.1724774498,2.9166551976753583,2.370685662840928,0.296335707855116
8rbs,freesasa-runtime-outlier,164605,5,zsasa_f32,zsasa f32,10,0.11792608832666668,0.001252841950576907,49.984375,0.0,1395831.9345251936,3.182708807912928,2.4684077611420476,0.24684077611420477
8rbs,freesasa-runtime-outlier,164605,5,zsasa_bitmask_f64,zsasa bitmask f64,1,0.11764523462666666,0.00044897937533068874,51.875,0.0,1399164.194982947,0.9838526852983462,1.0,1.0
8rbs,freesasa-runtime-outlier,164605,5,zsasa_bitmask_f64,zsasa bitmask f64,4,0.10496942198000002,0.0015380831749170823,51.890625,0.0,1568123.334349335,1.1237565928721138,1.1207571920238046,0.28018929800595116
8rbs,freesasa-runtime-outlier,164605,5,zsasa_bitmask_f64,zsasa bitmask f64,8,0.10244123738666668,0.00039617827331938987,51.90625,0.0,1606823.6210257288,1.23604292467427,1.1484167668007774,0.14355209585009718
8rbs,freesasa-runtime-outlier,164605,5,zsasa_bitmask_f64,zsasa bitmask f64,10,0.10227458907333335,0.0003571927086284558,51.875,0.0,1609441.812393636,1.2703612354792595,1.1502880206373862,0.11502880206373862
8rbs,freesasa-runtime-outlier,164605,5,zsasa_bitmask_f32,zsasa bitmask f32,1,0.11710907046,0.0018591278367726606,49.9375,0.0,1405570.032734764,0.9845100772051674,1.0,1.0
8rbs,freesasa-runtime-outlier,164605,5,zsasa_bitmask_f32,zsasa bitmask f32,4,0.10442911635333335,0.001263086531111126,49.942708333333336,0.009021097956087902,1576236.6449895354,1.117347384279341,1.121421635550035,0.28035540888750876
8rbs,freesasa-runtime-outlier,164605,5,zsasa_bitmask_f32,zsasa bitmask f32,8,0.10266931164000002,0.000603471765598856,49.984375,0.0,1603254.15034603,1.2299894160142304,1.1406433781365126,0.14258042226706408
8rbs,freesasa-runtime-outlier,164605,5,zsasa_bitmask_f32,zsasa bitmask f32,10,0.10264136298,0.0009331197680239095,49.953125,0.0,1603690.7073425537,1.2576228164970142,1.1409539688480081,0.11409539688480082
8rbs,freesasa-runtime-outlier,164605,5,freesasa,FreeSASA,1,17.467959135146664,0.2650097266086813,23843.270833333332,1027.6383736677535,9423.253095938615,0.9492303925364919,1.0,1.0
8rbs,freesasa-runtime-outlier,164605,5,freesasa,FreeSASA,4,14.667386601066667,0.059187546911935285,24021.057291666668,71.97031949366928,11222.517308436481,1.1795263498912505,1.1909387548205983,0.2977346887051496
8rbs,freesasa-runtime-outlier,164605,5,freesasa,FreeSASA,8,14.500400966720001,0.056129493719235465,23974.359375,13.28807728931748,11351.75505682818,1.3215602044831853,1.2046535247706276,0.15058169059632845
8rbs,freesasa-runtime-outlier,164605,5,freesasa,FreeSASA,10,14.003290294733333,0.10004522025750266,24374.703125,0.0,11754.737389248317,1.370870634636008,1.2474181972587115,0.12474181972587114
8rbs,freesasa-runtime-outlier,164605,5,rustsasa,RustSASA,1,0.3202862621266667,0.002200653730041678,195.953125,0.0,513930.8782931878,0.9931856725745644,1.0,1.0
8rbs,freesasa-runtime-outlier,164605,5,rustsasa,RustSASA,4,0.24102268172666666,0.001107274210605639,196.328125,0.0,682944.0234453593,1.332240563556085,1.3288635734701908,0.3322158933675477
8rbs,freesasa-runtime-outlier,164605,5,rustsasa,RustSASA,8,0.2318889915133334,0.0001341446217570232,197.0,0.027063293868263706,709843.9599300055,1.5659202461354773,1.3812051190375312,0.1726506398796914
8rbs,freesasa-runtime-outlier,164605,5,rustsasa,RustSASA,10,0.22928449382666669,0.0009076311917824017,197.265625,0.0,717907.2481213546,1.633947010897958,1.396894560034204,0.1396894560034204
5vyc,rustsasa-parser-outlier,249168,4,zsasa_f64,zsasa f64,1,0.5550637339333334,0.0008299222851028489,96.80208333333333,0.018042195912175804,448899.80153148796,0.9952744274702543,1.0,1.0
5vyc,rustsasa-parser-outlier,249168,4,zsasa_f64,zsasa f64,4,0.2749900845,0.0004447944243996303,96.80208333333333,0.009021097956087902,906098.1251489451,2.052666545024705,2.018486357217485,0.5046215893043713
5vyc,rustsasa-parser-outlier,249168,4,zsasa_f64,zsasa f64,8,0.24356104475999998,0.0011249757992788179,96.8125,0.0,1023020.7389918409,2.793965515587896,2.278951194680092,0.2848688993350115
5vyc,rustsasa-parser-outlier,249168,4,zsasa_f64,zsasa f64,10,0.23625824299333334,0.0006028428444133123,96.79166666666667,0.009021097956087902,1054642.5675697206,2.9983094671818726,2.349394149811721,0.2349394149811721
5vyc,rustsasa-parser-outlier,249168,4,zsasa_f32,zsasa f32,1,0.5432602760133333,0.0008436442689749486,93.578125,0.0,458653.08214415563,0.9961841445591926,1.0,1.0
5vyc,rustsasa-parser-outlier,249168,4,zsasa_f32,zsasa f32,4,0.27338207826,0.0013780228512325218,93.58333333333333,0.009021097956087902,911427.7043538634,2.0199662813112744,1.987183210658987,0.49679580266474677
5vyc,rustsasa-parser-outlier,249168,4,zsasa_f32,zsasa f32,8,0.24501460578666667,0.002086977456867312,93.59895833333333,0.018042195912175804,1016951.618863692,2.705102325928636,2.217256698918382,0.27715708736479777
5vyc,rustsasa-parser-outlier,249168,4,zsasa_f32,zsasa f32,10,0.23520419655333336,0.0004090927004657139,93.578125,0.0,1059368.8533252862,2.940877459400063,2.3097388736010376,0.23097388736010377
5vyc,rustsasa-parser-outlier,249168,4,zsasa_bitmask_f64,zsasa bitmask f64,1,0.23224967770000002,0.0032391602177436443,96.75,0.0,1072845.4070100093,0.9897756971856785,1.0,1.0
5vyc,rustsasa-parser-outlier,249168,4,zsasa_bitmask_f64,zsasa bitmask f64,4,0.21240245166000002,0.0029032109444050084,96.78125,0.0,1173093.804015275,1.1470927230947323,1.093441605239897,0.27336040130997424
5vyc,rustsasa-parser-outlier,249168,4,zsasa_bitmask_f64,zsasa bitmask f64,8,0.21375338213333336,0.002417842368579131,96.796875,0.0,1165679.80124205,1.256553653807418,1.0865310077532677,0.13581637596915846
5vyc,rustsasa-parser-outlier,249168,4,zsasa_bitmask_f64,zsasa bitmask f64,10,0.2084969491266667,0.01041834430473971,96.80208333333333,0.009021097956087902,1195067.846525777,1.280618610736225,1.1139236265702046,0.11139236265702046
5vyc,rustsasa-parser-outlier,249168,4,zsasa_bitmask_f32,zsasa bitmask f32,1,0.22748049062,0.001313746417535735,95.78125,0.027063293868263706,1095337.8873102062,0.9908471097997961,1.0,1.0
5vyc,rustsasa-parser-outlier,249168,4,zsasa_bitmask_f32,zsasa bitmask f32,4,0.20351246669333334,0.006641623794541696,95.765625,0.0,1224337.77177623,1.1351722268106526,1.1177717724918708,0.2794429431229677
5vyc,rustsasa-parser-outlier,249168,4,zsasa_bitmask_f32,zsasa bitmask f32,8,0.19867107250000002,0.0016439587462509446,95.78125,0.0,1254173.528458704,1.2537419944046793,1.1450106336945454,0.14312632921181817
5vyc,rustsasa-parser-outlier,249168,4,zsasa_bitmask_f32,zsasa bitmask f32,10,0.19904868298,0.001678239473365758,95.796875,0.0,1251794.2659537008,1.2853130676531006,1.1428384614976668,0.11428384614976668
5vyc,rustsasa-parser-outlier,249168,4,freesasa,FreeSASA,1,0.9159686036533333,0.007951502559263383,1005.8854166666666,0.09021097956087902,272026.7910998209,0.9944046441116451,1.0,1.0
5vyc,rustsasa-parser-outlier,249168,4,freesasa,FreeSASA,4,0.5864176016133333,0.003234094797268973,1005.875,0.0,424898.5694059949,1.5513126098146024,1.5619732442091605,0.3904933110522901
5vyc,rustsasa-parser-outlier,249168,4,freesasa,FreeSASA,8,0.5519322213000001,0.002623119789432575,1005.90625,0.0,451446.7363639673,1.8907974319901635,1.6595671865213737,0.2074458983151717
5vyc,rustsasa-parser-outlier,249168,4,freesasa,FreeSASA,10,0.54242461866,0.0042633531350014355,1005.9166666666666,0.06314768569261532,459359.6813793997,1.9815855383837933,1.6886560309820235,0.16886560309820237
5vyc,rustsasa-parser-outlier,249168,4,rustsasa,RustSASA,1,13.413101342886668,0.028948052803123913,289.359375,0.0,18576.46443058753,0.9997597888707738,1.0,1.0
5vyc,rustsasa-parser-outlier,249168,4,rustsasa,RustSASA,4,13.574723938406668,0.46043029155389703,289.765625,0.0,18355.290400789254,1.0090734506881216,0.9880938576538765,0.24702346441346912
5vyc,rustsasa-parser-outlier,249168,4,rustsasa,RustSASA,8,13.690341525140001,0.6486630134749471,290.4010416666667,0.03608439182435161,18200.27641695023,1.0145337753501584,0.9797492135792063,0.12246865169740079
5vyc,rustsasa-parser-outlier,249168,4,rustsasa,RustSASA,10,13.286132843686667,0.022806122766984044,290.671875,0.0,18753.98981264892,1.0168811767089856,1.0095564676865574,0.10095564676865573
9fqr,multi-max-pdb,4506416,57,zsasa_f64,zsasa f64,1,10.710586616139999,0.007061751206810055,1615.296875,0.0,420744.08820980834,0.999058195114032,1.0,1.0
9fqr,multi-max-pdb,4506416,57,zsasa_f64,zsasa f64,4,5.456117686766667,0.0019770636223757194,1615.2864583333333,0.018042195912175804,825938.1961151452,1.9973768869450805,1.9630417140960106,0.49076042852400265
9fqr,multi-max-pdb,4506416,57,zsasa_f64,zsasa f64,8,4.845009910193333,0.006481345400063118,1615.3072916666667,0.018042195912175804,930114.918964155,2.717001293565578,2.210642870638134,0.27633035882976675
9fqr,multi-max-pdb,4506416,57,zsasa_f64,zsasa f64,10,4.673351685133333,0.0050034870485415215,1615.3177083333333,0.018042195912175804,964279.2376049117,2.9492569862679687,2.2918426298222023,0.22918426298222022
9fqr,multi-max-pdb,4506416,57,zsasa_f32,zsasa f32,1,10.453163437046667,0.0030689775415800686,1636.3645833333333,0.009021097956087902,431105.4760732984,0.9994864887477372,1.0,1.0
9fqr,multi-max-pdb,4506416,57,zsasa_f32,zsasa f32,4,5.406055907813332,0.008763408612918326,1636.390625,0.0,833586.6437279922,1.9708794436625907,1.9336025404285568,0.4834006351071392
9fqr,multi-max-pdb,4506416,57,zsasa_f32,zsasa f32,8,4.812693002046667,0.0065955568433447775,1636.390625,0.0,936360.5777645865,2.6581793951729153,2.171998802458688,0.271499850307336
9fqr,multi-max-pdb,4506416,57,zsasa_f32,zsasa f32,10,4.644246586953334,0.004986537245717067,1636.390625,0.0,970322.293536151,2.8847565912993915,2.2507770079245586,0.22507770079245587
9fqr,multi-max-pdb,4506416,57,zsasa_bitmask_f64,zsasa bitmask f64,1,4.444085561286667,0.0021138996830436644,1615.4322916666667,0.009021097956087902,1014025.481250025,0.9984263966440582,1.0,1.0
9fqr,multi-max-pdb,4506416,57,zsasa_bitmask_f64,zsasa bitmask f64,4,3.8558600907733336,0.004572418528046703,1615.453125,0.0,1168718.7537699768,1.1607926674285323,1.1525536343813136,0.2881384085953284
9fqr,multi-max-pdb,4506416,57,zsasa_bitmask_f64,zsasa bitmask f64,8,3.8075807674999997,0.0014720415946627157,1615.484375,0.0,1183537.8617480635,1.2759997235348643,1.1671677720456044,0.14589597150570055
9fqr,multi-max-pdb,4506416,57,zsasa_bitmask_f64,zsasa bitmask f64,10,3.7944251516866667,0.006977127229097583,1615.46875,0.027063293868263706,1187641.2947549762,1.314916612454153,1.1712144484682268,0.11712144484682267
9fqr,multi-max-pdb,4506416,57,zsasa_bitmask_f32,zsasa bitmask f32,1,4.426373774013333,0.004088149271436395,1636.21875,0.0,1018083.0246321682,0.9984668999140621,1.0,1.0
9fqr,multi-max-pdb,4506416,57,zsasa_bitmask_f32,zsasa bitmask f32,4,3.866926094306667,0.007898860155314933,1636.21875,0.0,1165374.2249263218,1.1520846700154255,1.1446750380180137,0.28616875950450343
9fqr,multi-max-pdb,4506416,57,zsasa_bitmask_f32,zsasa bitmask f32,8,3.8534588851733336,0.06046400063659616,1636.2239583333333,0.018042195912175804,1169447.0174157044,1.262397796790779,1.1486754902314804,0.14358443627893505
9fqr,multi-max-pdb,4506416,57,zsasa_bitmask_f32,zsasa bitmask f32,10,3.859837055826667,0.06423514126316725,1636.25,0.0,1167514.5698695444,1.292053790838562,1.1467773665034495,0.11467773665034495
9fqr,multi-max-pdb,4506416,57,freesasa,FreeSASA,1,219.25564134584,30.09140862037534,24371.348958333332,0.5502869753213621,20553.249952149985,0.29043538396148183,1.0,1.0
9fqr,multi-max-pdb,4506416,57,freesasa,FreeSASA,4,221.8856939815,4.055894332339574,24570.354166666668,12.277714318235635,20309.628435872608,0.30872608157293563,0.98814681294469,0.2470367032361725
9fqr,multi-max-pdb,4506416,57,freesasa,FreeSASA,8,174.68816496764666,0.7016756939319204,24482.114583333332,54.117566638571326,25796.916470183405,0.3764635653795619,1.2551259061336382,0.15689073826670477
9fqr,multi-max-pdb,4506416,57,freesasa,FreeSASA,10,199.47022499110003,28.985617758129298,24414.942708333332,206.97105040652474,22591.923181522794,0.3404699597130191,1.0991898232210986,0.10991898232210986
9fqr,multi-max-pdb,4506416,57,rustsasa,RustSASA,1,11.288598321526665,0.007431152382746741,5100.21875,0.0,399200.66882055154,0.9993645173661949,1.0,1.0
9fqr,multi-max-pdb,4506416,57,rustsasa,RustSASA,4,9.034410071146667,0.0100385699562844,5100.671875,0.0,498805.784164282,1.2623805535560702,1.2495113939513587,0.31237784848783967
9fqr,multi-max-pdb,4506416,57,rustsasa,RustSASA,8,8.759751548953332,0.004470271680395987,5101.140625,0.027063293868263706,514445.64093127206,1.4186913076872478,1.2886893262258672,0.1610861657782334
9fqr,multi-max-pdb,4506416,57,rustsasa,RustSASA,10,8.687402788386667,0.0019462878781400102,5101.40625,0.0,518729.948382753,1.4627572316919415,1.2994215413399826,0.12994215413399826
