dataset_id,input_format,structure_id,structure_role,n_atoms,expected_chains,variant,display_name,threads,bitmask_variant,runtime_mean_s,runtime_stddev_s,structures_per_sec,atoms_per_sec,peak_rss_mean_mib,peak_rss_stddev_mib,parse_time_ms,sasa_time_ms,total_time_ms,cpu_utilization_proxy,runtime_speedup_vs_freesasa,rss_reduction_vs_freesasa,runtime_speedup_vs_rustsasa,rss_reduction_vs_rustsasa,runtime_speedup_vs_pdbtools_jl,rss_reduction_vs_pdbtools_jl
single_file_large_structure_mmcif_subset,mmCIF,AF-P49792-F10-model_v6,single-medium,10919,1,zsasa_f64,zsasa f64,10,,0.06016177413333334,0.06288113471771241,16.621850243042253,181493.98280377837,6.536458333333333,0.009021097956087904,3.9,6.71,10.61,0.5761469055613354,1.2423797648378747,10.204780876494024,0.5419998571584678,4.560956175298805,31.750442961892617,71.21673306772908
single_file_large_structure_mmcif_subset,mmCIF,AF-P49792-F10-model_v6,single-medium,10919,1,zsasa_f32,zsasa f32,10,,0.020070469500000004,0.0008423174034406501,49.824444814307896,544033.112927428,6.484375,0.0,3.92,6.48,10.4,1.7073913824819424,3.7240668834378785,10.286746987951807,1.6246592032471718,4.597590361445783,95.17280988900964,71.78875502008032
single_file_large_structure_mmcif_subset,mmCIF,AF-P49792-F10-model_v6,single-medium,10919,1,zsasa_bitmask_f64,zsasa bitmask f64,10,,0.030780947740000005,0.0010170156522841718,32.487628660650195,354732.4173456395,8.890625,0.0,3.92,17.88,21.8,0.947413756706288,2.4282478704471493,7.502636203866432,1.0593459714787412,3.353251318101933,62.056665514051076,52.35910954891622
single_file_large_structure_mmcif_subset,mmCIF,AF-P49792-F10-model_v6,single-medium,10919,1,zsasa_bitmask_f32,zsasa bitmask f32,10,,0.03194790500666667,0.0014031292483282993,31.30095697327655,341775.14919120667,8.421875,0.0,3.87,17.84,21.71,0.9165306246911377,2.3395515538312446,7.920222634508349,1.0206513691543255,3.5398886827458256,59.78992918966257,55.27334570191713
single_file_large_structure_mmcif_subset,mmCIF,AF-P49792-F10-model_v6,single-medium,10919,1,freesasa,FreeSASA,10,,0.07474377080000001,0.03091431328541464,13.379041347483097,146085.75247316796,66.703125,0.0,39.65,12.68,52.32,1.0248276993093137,1.0,1.0,0.43625940513382105,0.44694307800421645,25.556149464520544,6.978761614741938
single_file_large_structure_mmcif_subset,mmCIF,AF-P49792-F10-model_v6,single-medium,10919,1,rustsasa,RustSASA,10,,0.03260767298666667,0.000427162786354728,30.6676284569249,334859.83512116293,29.8125,0.0,15.46,11.85,27.31,1.304862816104607,2.2922141923639527,2.2374213836477987,1.0,1.0,58.58016850474842,15.614430468204052
single_file_large_structure_mmcif_subset,mmCIF,AF-P49792-F10-model_v6,single-medium,10919,1,pdbtools_jl,PDBTools.jl,10,,1.9101629781066667,0.0025082302011170516,0.5235155384443633,5716.266164274002,465.5052083333333,0.009021097956087904,16.543917,6.0138750000000005,22.315792000000002,1.5421747605291691,0.03912952541572408,0.14329189836311357,0.01707062348103252,0.06404332210747732,1.0,1.0
single_file_large_structure_subset,PDB,AF-P49792-F10-model_v6,single-medium,10919,1,zsasa_f64,zsasa f64,10,,0.013658539533333333,0.0003878481519516812,73.2142699122058,799426.613171375,6.484375,0.0,1.85,6.67,8.52,2.349554766697287,1.909637854741258,7.151807228915662,1.506577865306468,2.689156626506024,101.32464391788339,66.82409638554216
single_file_large_structure_subset,PDB,AF-P49792-F10-model_v6,single-medium,10919,1,zsasa_f32,zsasa f32,10,,0.018299059779999998,0.0012883611721838713,54.64761643617081,596697.3238665491,6.484375,0.0,1.82,6.39,8.21,1.774893740833862,1.4253663547151565,7.151807228915662,1.1245197065164916,2.689156626506024,75.6293859516171,66.82409638554216
single_file_large_structure_subset,PDB,AF-P49792-F10-model_v6,single-medium,10919,1,zsasa_bitmask_f64,zsasa bitmask f64,10,,0.029680286393333335,0.003307508509883128,33.69239726152426,367887.28569858347,7.697916666666667,0.03608439182435161,1.84,17.9,19.74,0.9237945450831395,0.8787942200986294,6.024357239512855,0.6933104708165957,2.2652232746955345,46.62848047733763,56.28958051420839
single_file_large_structure_subset,PDB,AF-P49792-F10-model_v6,single-medium,10919,1,zsasa_bitmask_f32,zsasa bitmask f32,10,,0.028506617246666668,0.0008539767187607267,35.07957437906568,383033.8726450182,7.25,0.0,1.85,17.77,19.63,0.9493900930375956,0.9149757723843313,6.396551724137931,0.7218553206532956,2.4051724137931036,48.54825960857073,59.76724137931034
single_file_large_structure_subset,PDB,AF-P49792-F10-model_v6,single-medium,10919,1,freesasa,FreeSASA,10,,0.02608286413333333,0.0005824177259255875,38.33934781426177,418627.3387839243,46.375,0.015625,8.06,12.97,21.03,1.745675874931138,1.0,1.0,0.7889338083479698,0.37601078167115903,53.05961214913816,9.34366576819407
single_file_large_structure_subset,PDB,AF-P49792-F10-model_v6,single-medium,10919,1,rustsasa,RustSASA,10,,0.020577653333333334,0.0012208335317709504,48.5964061985688,530624.1592821727,17.4375,0.0,3.52,12.31,15.82,1.4338376128408552,1.2675334602455477,2.6594982078853047,1.0,1.0,67.2548337866838,24.849462365591396
single_file_large_structure_subset,PDB,AF-P49792-F10-model_v6,single-medium,10919,1,pdbtools_jl,PDBTools.jl,10,,1.3839466546533332,0.0065712208049168086,0.7225712036209166,7889.754972336788,433.3125,0.15857643070456592,15.220166,5.818458000000001,21.051750000000002,1.6398009362351211,0.0188467265307035,0.10702437617193135,0.014868819736760634,0.040242319342276074,1.0,1.0
single_file_large_structure_mmcif_subset,mmCIF,AF-0000000066638622,multi-medium-nvda,14618,2,zsasa_f64,zsasa f64,10,,0.02381453410666667,0.0001871206883279715,41.99116369528551,613826.8308976835,9.59375,0.0,4.45,11.84,16.29,2.1237254991763685,,,1.8584255721779508,3.179153094462541,73.40392838438832,47.47014115092291
single_file_large_structure_mmcif_subset,mmCIF,AF-0000000066638622,multi-medium-nvda,14618,2,zsasa_f32,zsasa f32,10,,0.024445246533333336,0.00014775705328793476,40.90774861429228,597989.4692437246,9.609375,0.0,4.37,11.75,16.12,2.0515257747533506,,,1.8104762867899131,3.1739837398373982,71.51003176383047,47.392953929539296
single_file_large_structure_mmcif_subset,mmCIF,AF-0000000066638622,multi-medium-nvda,14618,2,zsasa_bitmask_f64,zsasa bitmask f64,10,,0.033700727793333336,0.0003036802116064406,29.672949680268317,433759.1784261623,11.890625,0.0,4.32,22.21,26.53,1.0520320772918208,,,1.3132517328628237,2.565045992115637,51.87070044282955,38.300481822163825
single_file_large_structure_mmcif_subset,mmCIF,AF-0000000066638622,multi-medium-nvda,14618,2,zsasa_bitmask_f32,zsasa bitmask f32,10,,0.034760275086666674,0.00023069644513154644,28.76847198437677,420537.5234676196,11.953125,0.0,4.26,22.33,26.59,1.0340660397646722,,,1.2732217758054973,2.5516339869281044,50.289600750135065,38.10021786492375
single_file_large_structure_mmcif_subset,mmCIF,AF-0000000066638622,multi-medium-nvda,14618,2,rustsasa,RustSASA,10,,0.04425753917333333,0.0003978607558107906,22.59502038926136,330294.00805022253,30.5,0.0,17.46,21.47,38.93,1.2984275163064511,,,1.0,1.0,39.49791128754423,14.93169398907104
single_file_large_structure_mmcif_subset,mmCIF,AF-0000000066638622,multi-medium-nvda,14618,2,pdbtools_jl,PDBTools.jl,10,,1.7480803560733336,0.009792800616105438,0.5720560822766028,8362.31581071938,455.4166666666667,0.009021097956087904,17.539917,9.145208,26.639708,1.5596101921333119,,,0.025317794470700344,0.06697163769441902,1.0,1.0
single_file_large_structure_subset,PDB,AF-0000000066638622,multi-medium-nvda,14618,2,zsasa_f64,zsasa f64,10,,0.021412837199999996,0.00017215206752171206,46.70095749852337,682674.5967134146,8.0,0.0,2.69,12.97,15.66,2.3088981407844456,1.6372277675873181,7.68359375,1.4333557460568565,2.705078125,65.05674836681615,55.138671875
single_file_large_structure_subset,PDB,AF-0000000066638622,multi-medium-nvda,14618,2,zsasa_f32,zsasa f32,10,,0.02196707057333333,0.0008394418784503985,45.52268344846756,665450.5866496988,7.984375,0.0,2.6,11.63,14.23,2.2030038023707523,1.5959201992651924,7.698630136986301,1.397191907657385,2.710371819960861,63.41535421801194,55.24657534246575
single_file_large_structure_subset,PDB,AF-0000000066638622,multi-medium-nvda,14618,2,zsasa_bitmask_f64,zsasa bitmask f64,10,,0.03333072281333334,4.789136221004046e-05,30.002349652014402,438574.34721314657,10.359375,0.0,2.65,22.07,24.72,1.0414959653814264,1.051813122775798,5.933634992458522,0.9208385132206659,2.0889894419306185,41.79476002790843,42.580693815987935
single_file_large_structure_subset,PDB,AF-0000000066638622,multi-medium-nvda,14618,2,zsasa_bitmask_f32,zsasa bitmask f32,10,,0.032492751066666666,0.0005592335346010049,30.776095195764135,449884.95957168017,10.302083333333334,0.009021097956087902,2.6,21.94,24.54,1.0529546501967886,1.0789388554615587,5.966632962588473,0.9445864764429325,2.100606673407482,42.87262591837253,42.817492416582404
single_file_large_structure_subset,PDB,AF-0000000066638622,multi-medium-nvda,14618,2,freesasa,FreeSASA,10,,0.035057691646666674,0.00026940106295695107,28.52441085050964,416969.8378127499,61.46875,0.0,10.86,19.83,30.69,1.8423492905436198,1.0,1.0,0.8754773003692117,0.35205897305541434,39.735918028489266,7.1761565836298935
single_file_large_structure_subset,PDB,AF-0000000066638622,multi-medium-nvda,14618,2,rustsasa,RustSASA,10,,0.030692213240000002,0.00036780346090269545,32.581553900346876,476277.15491527057,21.640625,0.0,4.77,21.98,26.75,1.4320863619804562,1.1422340700076106,2.84043321299639,1.0,1.0,45.38771937517008,20.383393501805052
single_file_large_structure_subset,PDB,AF-0000000066638622,multi-medium-nvda,14618,2,pdbtools_jl,PDBTools.jl,10,,1.3930495615399998,0.002537910069474695,0.7178495493688766,10493.524712674238,441.109375,0.0,20.270291,9.309083,29.304833,1.6445762184278299,0.0251661481504727,0.13935035953384578,0.02203239144346747,0.04905954447238851,1.0,1.0
single_file_large_structure_mmcif_subset,mmCIF,AF-Q6ZS30-F1-model_v6,single-large,21611,1,zsasa_f64,zsasa f64,10,,0.034242954846666666,0.0013066379957916217,29.203087305923415,631107.919768311,9.276041666666666,0.018042195912175808,7.43,17.27,24.7,2.1192088608672552,3.2655247440156323,14.0078607523863,2.0452014704999684,7.309376754632229,56.688295705171235,51.92981471083661
single_file_large_structure_mmcif_subset,mmCIF,AF-Q6ZS30-F1-model_v6,single-large,21611,1,zsasa_f32,zsasa f32,10,,0.03311465150666667,0.0008611026715330388,30.19811335772865,652611.4277738739,9.291666666666666,0.009021097956087902,7.43,17.09,24.51,2.159794635080729,3.376789767438382,13.984304932735427,2.1148868679039983,7.297085201793722,58.61981515269359,51.84248878923767
single_file_large_structure_mmcif_subset,mmCIF,AF-Q6ZS30-F1-model_v6,single-large,21611,1,zsasa_bitmask_f64,zsasa bitmask f64,10,,0.04261941673333334,0.0006119230319021593,23.463483938715747,507069.351399586,12.234375,0.0,7.56,26.04,33.6,1.0523568075546836,2.623715314070519,10.620689655172415,1.6432355713561926,5.541932737335036,45.54672257277613,39.372924648786714
single_file_large_structure_mmcif_subset,mmCIF,AF-Q6ZS30-F1-model_v6,single-large,21611,1,zsasa_bitmask_f32,zsasa bitmask f32,10,,0.06074357032,0.031005131120227365,16.4626477293309,355774.2800785701,11.848958333333334,0.018042195912175808,7.5,26.09,33.58,0.75737453513143,1.8408732935999739,10.966153846153846,1.1529408172375384,5.722197802197802,31.956876093065752,40.65362637362637
single_file_large_structure_mmcif_subset,mmCIF,AF-Q6ZS30-F1-model_v6,single-large,21611,1,freesasa,FreeSASA,10,,0.11182121636000002,0.0013198724124751594,8.94284673831999,193263.8608618333,129.9375,0.0,74.74,29.51,104.25,1.3831969611984523,1.0,1.0,0.6263010176995241,0.5218053551386884,17.359628283037093,3.7071909571909574
single_file_large_structure_mmcif_subset,mmCIF,AF-Q6ZS30-F1-model_v6,single-large,21611,1,rustsasa,RustSASA,10,,0.07003374160666669,0.0004631730718342076,14.278831561168618,308579.828868415,67.80208333333333,0.04510548978043951,32.4,31.24,63.64,1.2528889359189597,1.5966763133694328,1.9164234137348288,1.0,1.0,27.7177072884234,7.104547549546782
single_file_large_structure_mmcif_subset,mmCIF,AF-Q6ZS30-F1-model_v6,single-large,21611,1,pdbtools_jl,PDBTools.jl,10,,1.9411747501666665,0.004887961117075987,0.5151519717192599,11132.949260824926,481.703125,0.0,32.357333000000004,13.665750000000001,46.163416999999995,1.5603220814646457,0.05760492008789997,0.269746018359337,0.03607802007555151,0.140754916907241,1.0,1.0
single_file_large_structure_subset,PDB,AF-Q6ZS30-F1-model_v6,single-large,21611,1,zsasa_f64,zsasa f64,10,,0.02740284702,0.0006066166977400132,36.49255857503233,788640.6833650236,9.890625,0.015625,3.67,17.18,20.84,2.5056817374931772,1.8407834247971024,9.067930489731438,1.5453276942024836,2.9652448657187995,51.56354300833763,45.824644549763036
single_file_large_structure_subset,PDB,AF-Q6ZS30-F1-model_v6,single-large,21611,1,zsasa_f32,zsasa f32,10,,0.029664581026666668,0.0005213970596352969,33.71023508139422,728511.8903440104,9.901041666666666,0.023867581744561668,3.72,16.94,20.66,2.2880936676295605,1.700435497178326,9.058390320883746,1.4275063707096742,2.962125197264598,47.63215363117638,45.77643345607575
single_file_large_structure_subset,PDB,AF-Q6ZS30-F1-model_v6,single-large,21611,1,zsasa_bitmask_f64,zsasa bitmask f64,10,,0.03533655119333333,0.0005197872913955613,28.29930953161785,611576.3782877934,12.53125,0.0,3.74,26.25,30.0,1.1728469606418652,1.4274937673086585,7.157107231920199,1.1983732698846161,2.3403990024937658,39.98658140507057,36.16832917705736
single_file_large_structure_subset,PDB,AF-Q6ZS30-F1-model_v6,single-large,21611,1,zsasa_bitmask_f32,zsasa bitmask f32,10,,0.03907241778666667,0.0010943369835413276,25.59350192916003,553101.1701910774,12.473958333333334,0.018042195912175808,3.62,26.3,29.93,1.0536464254173168,1.2910055083379068,7.189979123173277,1.0837921172733405,2.3511482254697285,36.163308054840776,36.33444676409186
single_file_large_structure_subset,PDB,AF-Q6ZS30-F1-model_v6,single-large,21611,1,freesasa,FreeSASA,10,,0.05044270658666667,0.0009159644175525245,19.824471517639108,428426.65396769874,89.6875,0.08118988160479113,16.27,29.09,45.36,1.8685756516928782,1.0,1.0,0.8394945724659678,0.3270034843205575,28.011737999010474,5.053484320557491
single_file_large_structure_subset,PDB,AF-Q6ZS30-F1-model_v6,single-large,21611,1,rustsasa,RustSASA,10,,0.042346378399999995,3.700299200064845e-05,23.614770324727466,510338.80148768524,29.328125,0.015625,7.03,31.46,38.49,1.465548546964605,1.1911929306017508,3.058071390516782,1.0,1.0,33.367384278289705,15.453915823122003
single_file_large_structure_subset,PDB,AF-Q6ZS30-F1-model_v6,single-large,21611,1,pdbtools_jl,PDBTools.jl,10,,1.4129878808666667,0.00023577019117428926,0.7077201535420407,15294.54023819704,453.234375,0.0,29.990459,17.222833,47.128792000000004,1.654161099551017,0.03569932005059184,0.1978832695556245,0.02996938542319735,0.06470851863343331,1.0,1.0
single_file_large_structure_mmcif_subset,mmCIF,AF-0000000065781219,multi-large-nvda,24140,2,zsasa_f64,zsasa f64,10,,0.035651980800000004,0.0002397002255714419,28.048932417241733,677101.2285522155,13.109375,0.0,6.91,19.92,26.83,2.2559023331087023,,,2.05204846925831,2.6777910210568137,50.13114056952108,35.652761223678986
single_file_large_structure_mmcif_subset,mmCIF,AF-0000000065781219,multi-large-nvda,24140,2,zsasa_f32,zsasa f32,10,,0.03600908188000001,0.0009482329119013968,27.770771921719426,670386.4341903069,12.71875,0.0,6.81,19.67,26.47,2.192140497492369,,,2.0316983607210664,2.7600327600327597,49.6339914197964,36.74774774774775
single_file_large_structure_mmcif_subset,mmCIF,AF-0000000065781219,multi-large-nvda,24140,2,zsasa_bitmask_f64,zsasa bitmask f64,10,,0.04316010180666666,0.0004911888883579649,23.169546830066476,559312.8604778048,13.270833333333334,0.018042195912175808,6.95,27.93,34.88,1.0985519345093309,,,1.6950746074321397,2.6452119309262163,41.410339323865955,35.21899529042386
single_file_large_structure_mmcif_subset,mmCIF,AF-0000000065781219,multi-large-nvda,24140,2,zsasa_bitmask_f32,zsasa bitmask f32,10,,0.04364769407333333,0.0006761482678187783,22.91071776483497,553064.7268431161,12.828125,0.0,6.9,27.87,34.76,1.078741523455793,,,1.6761387784598616,2.736500203004466,40.947740745795926,36.434429557450265
single_file_large_structure_mmcif_subset,mmCIF,AF-0000000065781219,multi-large-nvda,24140,2,rustsasa,RustSASA,10,,0.07315959262666667,0.005265218254348186,13.668747516173292,329963.5650404233,35.104166666666664,0.03608439182435161,28.13,34.9,63.03,1.2472609089780484,,,1.0,1.0,24.429803350424958,13.314243323442138
single_file_large_structure_mmcif_subset,mmCIF,AF-0000000065781219,multi-large-nvda,24140,2,pdbtools_jl,PDBTools.jl,10,,1.7872744610666667,0.005140858625104476,0.5595111561115175,13506.599308532032,467.3854166666667,0.44203379984830726,29.119417000000002,15.536917,44.790583000000005,1.598454318143718,,,0.04093360825119392,0.07510753526933962,1.0,1.0
single_file_large_structure_subset,PDB,AF-0000000065781219,multi-large-nvda,24140,2,zsasa_f64,zsasa f64,10,,0.03286279105333333,0.0006306588618043321,30.4295517193622,734569.3785054035,13.765625,0.0,4.3,20.0,24.3,2.3642860971213535,1.692557100918897,7.249716231555051,1.4528027978263882,2.3189557321225878,42.77869619428053,33.2372304199773
single_file_large_structure_subset,PDB,AF-0000000065781219,multi-large-nvda,24140,2,zsasa_f32,zsasa f32,10,,0.032300063346666665,0.0010211521485421944,30.959691603923712,747366.9553187185,13.375,0.0,4.05,19.72,23.77,2.3342854116862783,1.7220446212862766,7.461448598130841,1.4781133483935942,2.3866822429906542,43.52398134574392,34.20794392523364
single_file_large_structure_subset,PDB,AF-0000000065781219,multi-large-nvda,24140,2,zsasa_bitmask_f64,zsasa bitmask f64,10,,0.04093377759333333,0.0001628563560575166,24.42970228486473,589733.0131566346,13.822916666666666,0.04510548978043951,4.04,27.92,31.97,1.0948125476851196,1.358832573575917,7.21966842501884,1.1663510575784812,2.3093443858327056,34.34394373598264,33.099472494348156
single_file_large_structure_subset,PDB,AF-0000000065781219,multi-large-nvda,24140,2,zsasa_bitmask_f32,zsasa bitmask f32,10,,0.04054967998666667,0.00013817330683722463,24.661107074798487,595319.1247856355,13.473958333333334,0.009021097956087902,4.12,27.83,31.95,1.0909657819218188,1.3717038055940938,7.406648627754155,1.1773990522826645,2.369153459605721,34.669258919649266,33.95670660997294
single_file_large_structure_subset,PDB,AF-0000000065781219,multi-large-nvda,24140,2,freesasa,FreeSASA,10,,0.05562215035333334,0.001146498319158528,17.978449118698478,433999.76172538125,99.796875,0.0,17.93,31.59,49.52,1.8997332177096282,1.0,1.0,0.8583478790982324,0.31986848285580083,25.274595563751305,4.584625019571003
single_file_large_structure_subset,PDB,AF-0000000065781219,multi-large-nvda,24140,2,rustsasa,RustSASA,10,,0.047743154786666665,0.00013308230470026342,20.94541101165925,505622.2218214543,31.921875,0.0,8.2,35.87,44.06,1.4647702617436502,1.1650288005028746,3.1262848751835537,1.0,1.0,29.44563175283246,14.332843857072932
single_file_large_structure_subset,PDB,AF-0000000065781219,multi-large-nvda,24140,2,pdbtools_jl,PDBTools.jl,10,,1.4058273545666669,0.019205971050417485,0.7113248982896913,17171.383044713148,457.53125,0.0,33.427708,15.662459,49.090167,1.7258245488812938,0.03956542044273875,0.21812034697083532,0.03396089472265465,0.06976982446554197,1.0,1.0
single_file_large_structure_mmcif_subset,mmCIF,3jc8,multi-100k-pdb,107500,3,zsasa_f64,zsasa f64,10,,0.13359755535999998,0.0013475563023918613,7.48516690522772,804655.4423119798,40.078125,0.0,62.38,54.91,117.28,2.290526443457321,4.801136016685269,15.909551656920078,2.4320548264858615,6.156725146198831,12.082187577637526,15.458479532163743
single_file_large_structure_mmcif_subset,mmCIF,3jc8,multi-100k-pdb,107500,3,zsasa_f32,zsasa f32,10,,0.13432384382000004,0.0010914553667983806,7.444694639174001,800304.673711205,40.229166666666664,0.018042195912175808,62.12,54.33,116.45,2.2414098502877895,4.775176294385467,15.849818746763336,2.418904716242358,6.133609528741585,12.016859240094169,15.4004401864319
single_file_large_structure_mmcif_subset,mmCIF,3jc8,multi-100k-pdb,107500,3,zsasa_bitmask_f64,zsasa bitmask f64,10,,0.1267834612866667,0.0002786980426166236,7.8874641049507765,847902.3912822085,42.03125,0.0,61.01,48.36,109.37,1.1337118570089824,5.059177500523528,15.170260223048327,2.562767856489892,5.870631970260223,12.731555893742483,14.740148698884758
single_file_large_structure_mmcif_subset,mmCIF,3jc8,multi-100k-pdb,107500,3,zsasa_bitmask_f32,zsasa bitmask f32,10,,0.12876558418000003,0.0008829079218066885,7.76605027164798,834850.4042021577,40.25,0.0,61.07,48.11,109.18,1.1158301413765228,4.981300235343675,15.841614906832298,2.5233184890910185,6.130434782608695,12.535575666840678,15.39246894409938
single_file_large_structure_mmcif_subset,mmCIF,3jc8,multi-100k-pdb,107500,3,freesasa,FreeSASA,10,,0.64142003478,0.005505031663462708,1.559040793515265,167596.885302891,637.625,0.0,502.3,122.41,624.71,1.3073414006381665,1.0,1.0,0.5065582016493183,0.3869829445206822,2.516526825244817,0.9716477161340914
single_file_large_structure_mmcif_subset,mmCIF,3jc8,multi-100k-pdb,107500,3,rustsasa,RustSASA,10,,0.32491657932,0.0023346245960727896,3.077713061281283,330854.1540877379,246.75,0.0,207.48,108.18,315.66,1.2931385266519821,1.9741068188099007,2.584093211752786,1.0,1.0,4.967892765433825,2.5108282674772036
single_file_large_structure_mmcif_subset,mmCIF,3jc8,multi-100k-pdb,107500,3,pdbtools_jl,PDBTools.jl,10,,1.6141507237733335,0.0023387166363645294,0.6195208323931122,66598.48948225955,619.546875,0.0,148.794333,82.524,234.66291700000002,1.7512133605004503,0.39737307386052456,1.0291795919396736,0.20129258967864905,0.39827494892940907,1.0,1.0
single_file_large_structure_subset,PDB,3jc8,multi-100k-pdb,107500,3,zsasa_f64,zsasa f64,10,,0.08415057958666668,0.0006647533492283673,11.88345944747891,1277471.8906039828,39.59375,0.0,18.39,55.02,73.4,3.045347454433195,2.724256474516983,11.172849250197316,1.797481992910319,3.3560905024993426,19.325049343779767,15.815048671402263
single_file_large_structure_subset,PDB,3jc8,multi-100k-pdb,107500,3,zsasa_f32,zsasa f32,10,,0.08375317532,0.0003068420114048983,11.939845816940664,1283533.4253211212,40.359375,0.0,18.12,54.28,72.4,2.994236565262681,2.737182923482421,10.960898180410375,1.8060109473112693,3.292424829010195,19.41674565300529,15.515034197961029
single_file_large_structure_subset,PDB,3jc8,multi-100k-pdb,107500,3,zsasa_bitmask_f64,zsasa bitmask f64,10,,0.07765230006666667,0.00034322915992428824,12.877918608225025,1384376.2503841901,43.583333333333336,0.009021097956087904,18.18,48.47,66.64,1.2261099789479424,2.9522340107957876,10.150095602294455,1.9479030417661785,3.048876673040153,20.94225285566364,14.367351816443595
single_file_large_structure_subset,PDB,3jc8,multi-100k-pdb,107500,3,zsasa_bitmask_f32,zsasa bitmask f32,10,,0.0773520488,0.00032865667281830783,12.927905795819076,1389749.8730505507,40.40625,0.0,18.31,48.19,66.5,1.206616348430407,2.963693461644074,10.948182521268368,1.9554640613475258,3.2886053106470743,21.023542725089396,15.497035318381027
single_file_large_structure_subset,PDB,3jc8,multi-100k-pdb,107500,3,freesasa,FreeSASA,10,,0.22924776127333335,0.0015001919592373268,4.36209276132339,468924.9718422644,442.375,0.0,81.49,127.2,208.69,1.8782911158723756,1.0,1.0,0.659806449842068,0.3003791089761703,7.0936967662731325,1.415489309597815
single_file_large_structure_subset,PDB,3jc8,multi-100k-pdb,107500,3,rustsasa,RustSASA,10,,0.15125915150000002,0.0009765173992187732,6.611170233888294,710700.8001429916,132.88020833333334,0.009021097956087904,35.92,110.77,146.69,1.6312494432223932,1.515595975515791,3.329126327754478,1.0,1.0,10.751178270492941,4.712342727237095
single_file_large_structure_subset,PDB,3jc8,multi-100k-pdb,107500,3,pdbtools_jl,PDBTools.jl,10,,1.62621410282,0.01781214366443839,0.614925180064489,66104.45685693258,626.1770833333334,0.12629537138523064,153.076,87.511583,240.351958,1.7758937368652625,0.14097022088038552,0.7064694824746727,0.09301306097253935,0.21220867366459834,1.0,1.0
single_file_large_structure_mmcif_subset,mmCIF,8rbs,freesasa-runtime-outlier,164605,5,zsasa_f64,zsasa f64,10,,0.19449579746666668,0.0006486584281980306,5.141499266437277,846316.4867519081,54.5625,0.0,89.43,84.01,173.44,2.36870369094885,4.798707366209067,17.713631156930127,2.472195038948026,5.780068728522337,8.867427023672569,12.390320733104238
single_file_large_structure_mmcif_subset,mmCIF,8rbs,freesasa-runtime-outlier,164605,5,zsasa_f32,zsasa f32,10,,0.19514563878,0.0006891881341208564,5.124377906940381,843498.2253719214,54.552083333333336,0.018042195912175808,92.34,83.3,175.63,2.321394230647946,4.782727514870062,17.717013557380177,2.463962549198474,5.781172426962001,8.837898203766697,12.392686652663738
single_file_large_structure_mmcif_subset,mmCIF,8rbs,freesasa-runtime-outlier,164605,5,zsasa_bitmask_f64,zsasa bitmask f64,10,,0.1787225288066667,0.0013535403769084008,5.595265502771344,921008.6780836771,57.9375,0.0,92.45,68.59,161.04,1.1511386656569007,5.222220288801023,16.681769147788565,2.6903801597026047,5.44336569579288,9.650027346649388,11.668554476806904
single_file_large_structure_mmcif_subset,mmCIF,8rbs,freesasa-runtime-outlier,164605,5,zsasa_bitmask_f32,zsasa bitmask f32,10,,0.1791466880266667,0.0009734043881195261,5.5820177923197,918828.0387047841,54.572916666666664,0.009021097956087904,90.05,68.1,158.14,1.1422644514805258,5.209855824189563,17.710250047719033,2.684010242610568,5.778965451422027,9.627179321283023,12.387955716739837
single_file_large_structure_mmcif_subset,mmCIF,8rbs,freesasa-runtime-outlier,164605,5,freesasa,FreeSASA,10,,0.9333284160000002,0.022202114013838644,1.0714342163562711,176363.429183324,966.5,0.0,724.79,182.98,907.77,1.3248200441947469,1.0,1.0,0.5151793702521678,0.32630625969994825,1.8478782611571813,0.6994794361096741
single_file_large_structure_mmcif_subset,mmCIF,8rbs,freesasa-runtime-outlier,164605,5,rustsasa,RustSASA,10,,0.48083154559333335,0.0016133872545239457,2.0797304360844846,342334.02843168663,315.375,0.0,302.89,164.66,467.55,1.299362695853031,1.9410715136177217,3.0646056282203724,1.0,1.0,3.586863853365654,2.1436286167261196
single_file_large_structure_mmcif_subset,mmCIF,8rbs,freesasa-runtime-outlier,164605,5,pdbtools_jl,PDBTools.jl,10,,1.7246772904466667,0.0028586118520920432,0.5798186162357448,95441.04332548477,676.046875,0.0,227.20958299999998,109.488084,336.69766699999997,1.7892523529435473,0.5411611906586197,1.4296345944946496,0.27879508140842096,0.4664987172672013,1.0,1.0
single_file_large_structure_subset,PDB,8rbs,freesasa-runtime-outlier,164605,5,zsasa_f64,zsasa f64,10,,0.12410310014000002,0.0005746854278568409,8.057816435462978,1326356.8743593835,51.46875,0.0,26.39,84.78,111.16,3.1428401027855255,112.83594268746145,473.58257437765633,1.8475323627533247,3.8327261687917424,14.236002116092395,13.10139647844566
single_file_large_structure_subset,PDB,8rbs,freesasa-runtime-outlier,164605,5,zsasa_f32,zsasa f32,10,,0.12333677043333334,0.0006017932234549725,8.107882154580377,1334597.942054703,53.3125,0.0,26.57,84.82,111.39,3.098829640643044,113.53702748607697,457.20427901524033,1.8590116558192253,3.7001758499413833,14.324454823970198,12.648300117233294
single_file_large_structure_subset,PDB,8rbs,freesasa-runtime-outlier,164605,5,zsasa_bitmask_f64,zsasa bitmask f64,10,,0.10907720793333335,0.0009848694205631203,9.167818089102425,1509068.6965567046,58.046875,0.0,26.32,68.69,95.01,1.2449477078932614,128.37961807100868,419.91413189771197,2.102038530054808,3.398384925975774,16.197077553419515,11.616689098250337
single_file_large_structure_subset,PDB,8rbs,freesasa-runtime-outlier,164605,5,zsasa_bitmask_f32,zsasa bitmask f32,10,,0.10776818151333334,0.00015067548302671202,9.279176710208082,1527398.8823838015,53.270833333333336,0.009021097956087904,26.44,68.29,94.73,1.2372374182649648,129.93900516917242,457.5618889323426,2.1275713351282546,3.703070003910833,16.393818392380336,12.658193195150567
single_file_large_structure_subset,PDB,8rbs,freesasa-runtime-outlier,164605,5,freesasa,FreeSASA,10,,14.003290294733333,0.10004522025750266,0.07141178815496685,11754.737389248317,24374.703125,0.0,120.0,13034.34,13154.35,1.370870634636008,1.0,1.0,0.016373615700368726,0.008093047287114394,0.12616549103971217,0.027664439502788817
single_file_large_structure_subset,PDB,8rbs,freesasa-runtime-outlier,164605,5,rustsasa,RustSASA,10,,0.22928449382666669,0.0009076311917824017,4.361393931662796,717907.2481213546,197.265625,0.0,55.32,166.17,221.49,1.633947010897958,61.07386531476249,123.56285148514851,1.0,1.0,7.705414207130255,3.4182970297029702
single_file_large_structure_subset,PDB,8rbs,freesasa-runtime-outlier,164605,5,pdbtools_jl,PDBTools.jl,10,,1.7667319962066668,0.022958278934089863,0.5660168051221636,93169.19620713375,674.3125,0.0,240.007834,107.79912499999999,347.806959,1.8022179180749616,7.9260976338231615,36.14748818240801,0.12977887665982232,0.29254333117063674,1.0,1.0
single_file_large_structure_mmcif_subset,mmCIF,5vyc,rustsasa-parser-outlier,249168,216,zsasa_f64,zsasa f64,10,,0.39331648996666674,0.0034378388987575293,2.5424817558113295,633505.0941319973,122.421875,0.015625,148.99,184.36,333.35,2.206847874782879,5.2325399911940735,14.885683897043181,2.721021638877554,6.000765794511806,4.8101153777720755,6.340778557753669
single_file_large_structure_mmcif_subset,mmCIF,5vyc,rustsasa-parser-outlier,249168,216,zsasa_f32,zsasa f32,10,,0.4051031516066667,0.0020021546457620076,2.468507085254538,615072.9734187027,122.953125,0.0,151.1,183.1,334.2,2.1343850405444176,5.080296844851299,14.821366543821748,2.6418522686927775,5.974837971788029,4.670162868930061,6.313381624094548
single_file_large_structure_mmcif_subset,mmCIF,5vyc,rustsasa-parser-outlier,249168,216,zsasa_bitmask_f64,zsasa bitmask f64,10,,0.34148674603333334,0.00567042804330469,2.9283713397836753,729656.4299912187,124.29166666666667,0.009021097956087902,151.45,145.84,297.29,1.1718536409246314,6.026717835619236,14.661749916191752,3.134009423669402,5.910492792490781,5.540178992877595,6.2453905464297685
single_file_large_structure_mmcif_subset,mmCIF,5vyc,rustsasa-parser-outlier,249168,216,zsasa_bitmask_f32,zsasa bitmask f32,10,,0.35889748981999997,0.008318332255008403,2.786310933803232,694259.5227538836,122.265625,0.015625,149.07,145.25,294.32,1.1541961472278766,5.73435123209931,14.904707135250266,2.9819731552411297,6.008434504792333,5.271415238008086,6.34888178913738
single_file_large_structure_mmcif_subset,mmCIF,5vyc,rustsasa-parser-outlier,249168,216,freesasa,FreeSASA,10,,2.0580442629466664,0.011224423577785622,0.48589819859764344,121070.28234817761,1822.3333333333333,0.09021097956087902,1686.48,319.75,2006.23,1.260927995276026,1.0,1.0,0.5200192723718893,0.4031232851655387,0.9192696827672786,0.4259648801902323
single_file_large_structure_mmcif_subset,mmCIF,5vyc,rustsasa-parser-outlier,249168,216,rustsasa,RustSASA,10,,1.0702226801266665,0.014155728658455175,0.9343849822745718,232818.8372633905,734.625,0.0,693.68,344.02,1037.7,1.2009422934747385,1.923005652153705,2.4806307072769553,1.0,1.0,1.76776079581502,1.0566615620214395
single_file_large_structure_mmcif_subset,mmCIF,5vyc,rustsasa-parser-outlier,249168,216,pdbtools_jl,PDBTools.jl,10,,1.8918976967199999,0.0064626327393148345,0.5285698067785108,131702.681615388,776.25,0.0,318.94333400000005,171.02100000000002,489.96433400000006,1.960069401794661,1.0878200584073423,2.3476113794954374,0.5656873952445322,0.946376811594203,1.0,1.0
single_file_large_structure_subset,PDB,5vyc,rustsasa-parser-outlier,249168,4,zsasa_f64,zsasa f64,10,,0.2429351318066667,0.0012084238311992695,4.116325179331504,1025656.5122836723,100.53125,3.0040256193772716,44.11,184.46,228.57,2.9560634890174664,2.2327961156794474,10.006009739923323,54.69004316041071,2.8913584084550825,8.720515917417684,7.925240907677961
single_file_large_structure_subset,PDB,5vyc,rustsasa-parser-outlier,249168,4,zsasa_f32,zsasa f32,10,,0.2419692247266667,0.001099129053635813,4.132756969939545,1029750.7886858967,93.84375,0.0,43.92,182.01,225.93,2.887010035218801,2.241709123433915,10.719058719058719,54.908358113288784,3.0974025974025974,8.755326989261228,8.49000999000999
single_file_large_structure_subset,PDB,5vyc,rustsasa-parser-outlier,249168,4,zsasa_bitmask_f64,zsasa bitmask f64,10,,0.2049102615,0.00021255484992584343,4.880185075553183,1215985.9549054354,98.4375,0.0,44.1,145.51,189.61,1.281291225134667,2.647132528597159,10.218835978835978,64.83878721557664,2.952857142857143,10.338768143244014,8.093809523809524
single_file_large_structure_subset,PDB,5vyc,rustsasa-parser-outlier,249168,4,zsasa_bitmask_f32,zsasa bitmask f32,10,,0.20337347807333336,0.0005989984117026873,4.917061995858749,1225174.5033841326,94.75,0.0,44.04,144.07,188.11,1.2678566011133985,2.6671354780312604,10.616534740545294,65.32873887762244,3.067777044854881,10.416892624790016,8.408806068601583
single_file_large_structure_subset,PDB,5vyc,rustsasa-parser-outlier,249168,4,freesasa,FreeSASA,10,,0.54242461866,0.0042633531350014355,1.8435741402563721,459359.6813793997,1005.9166666666666,0.06314768569261532,188.85,314.28,503.14,1.9815855383837933,1.0,1.0,24.493970934631594,0.28896218208930496,3.905648104714658,0.7920480904647502
single_file_large_structure_subset,PDB,5vyc,rustsasa-parser-outlier,249168,4,rustsasa,RustSASA,10,,13.286132843686667,0.022806122766984044,0.07526644598282653,18753.98981264892,290.671875,0.0,13037.23,348.84,13386.07,1.0168811767089856,0.04082637326012817,3.460660466949775,1.0,1.0,0.15945344734579278,2.7410095145944204
single_file_large_structure_subset,PDB,5vyc,rustsasa-parser-outlier,249168,4,pdbtools_jl,PDBTools.jl,10,,2.11851968382,0.0028924982473923664,0.4720277123868182,117614.2010399987,796.734375,0.0,420.78966699999995,169.24841600000002,596.51925,1.9073037764026968,0.256039451888372,1.2625496002562544,6.271422892672788,0.36482908748602694,1.0,1.0
single_file_large_structure_mmcif_subset,mmCIF,9fqr,multi-max-pdb,4506416,1574,zsasa_f64,zsasa f64,10,,6.974901412713333,0.06293034213372509,0.1433712020900072,646090.279037642,2131.40625,0.0,2058.3,3757.24,5815.54,2.3539387883065404,4.150760531535256,9.792434572245437,3.3902858942624627,3.8528480316692324,1.5066267875231067,3.156975295066344
single_file_large_structure_mmcif_subset,mmCIF,9fqr,multi-max-pdb,4506416,1574,zsasa_f32,zsasa f32,10,,6.996868978933333,0.012917660995520113,0.14292106984007713,644061.795864441,2152.484375,0.0,2054.19,3723.71,5777.9,2.3229692322290467,4.13772868727543,9.696542512648902,3.3796416575172588,3.8151191573690286,1.5018965397760944,3.1260607292445504
single_file_large_structure_mmcif_subset,mmCIF,9fqr,multi-max-pdb,4506416,1574,zsasa_bitmask_f64,zsasa bitmask f64,10,,5.932880632646667,0.13176361864141906,0.1685521860152272,759566.2678939962,2165.953125,0.0,2095.67,2864.13,4959.8,1.2006670072098797,4.879778860867599,9.636245590494946,3.985738351665507,3.791395243144978,1.7712430030871489,3.106621651842073
single_file_large_structure_mmcif_subset,mmCIF,9fqr,multi-max-pdb,4506416,1574,zsasa_bitmask_f32,zsasa bitmask f32,10,,5.405145934066667,0.10837450249696991,0.18500888083286782,833726.9807273289,2152.2916666666665,0.018042195912175808,2071.27,2835.67,4906.94,1.2052175327235704,5.356219026903875,9.697410705643211,4.374888330832193,3.8154607492014327,1.9441793869976676,3.126340625302488
single_file_large_structure_mmcif_subset,mmCIF,9fqr,multi-max-pdb,4506416,1574,freesasa,FreeSASA,10,,28.95114549524,0.5892479158706981,0.034540947616888425,155655.87899590784,20871.65625,40.24311798210813,19981.05,8713.87,28694.92,1.3430634655334446,1.0,1.0,0.8167866752381608,0.3934514959731574,0.36297608018495964,0.32238921503893586
single_file_large_structure_mmcif_subset,mmCIF,9fqr,multi-max-pdb,4506416,1574,rustsasa,RustSASA,10,,23.646909873393337,0.0932703889511508,0.04228882358642405,190571.03123103874,8211.984375,0.0,16387.76,6968.67,23356.43,1.1701183038916332,1.2243098844730997,2.5416093476188575,1.0,1.0,0.4443952027977466,0.8193874425144654
single_file_large_structure_mmcif_subset,mmCIF,9fqr,multi-max-pdb,4506416,1574,pdbtools_jl,PDBTools.jl,10,,10.508573308726668,0.1520805210985138,0.09516039624232976,428832.3321927747,6728.796875,0.0,5675.1351669999995,3060.7188330000004,8735.854,2.7922295181877645,2.7550024769963786,3.10184073582991,2.2502493134587698,1.2204238777827574,1.0,1.0
single_file_large_structure_subset,PDB,9fqr,multi-max-pdb,4506416,57,zsasa_f64,zsasa f64,10,,4.82868812724,0.004831567494823028,0.2070955865545998,933258.8647790335,2131.2864583333335,0.018042195912175808,765.5,3759.74,4525.24,2.88246000015652,41.309403244709856,11.455495629351402,1.7991227760970028,2.393580754972422,2.4460903465564137,3.174307868633723
single_file_large_structure_subset,PDB,9fqr,multi-max-pdb,4506416,57,zsasa_f32,zsasa f32,10,,4.7830603835000005,0.001815396555505366,0.20907116361099562,942161.6368352084,2152.390625,0.0,762.36,3712.0,4474.36,2.851228793538116,41.70347204463638,11.343174619306536,1.8162854097254082,2.3701117217047907,2.469424692048388,3.143183814508577
single_file_large_structure_subset,PDB,9fqr,multi-max-pdb,4506416,57,zsasa_bitmask_f64,zsasa bitmask f64,10,,3.9379208806333335,0.002026001895281599,0.2539411101218394,1144364.2817108189,2165.8333333333335,0.018042195912175808,766.14,2858.73,3624.87,1.3025710018434156,50.65369037049301,11.272770777222007,2.206088708158473,2.355401115813774,2.9994019109580767,3.123674971142747
single_file_large_structure_subset,PDB,9fqr,multi-max-pdb,4506416,57,zsasa_bitmask_f32,zsasa bitmask f32,10,,3.9153200691933336,0.0013596019797066196,0.25540696094509285,1150970.0153143415,2357.640625,0.0,766.72,2836.95,3603.67,1.2849396518694278,50.94608396401077,10.355667632056235,2.218823144687764,2.16377602078349,3.0167156722405113,2.8695464878155463
single_file_large_structure_subset,PDB,9fqr,multi-max-pdb,4506416,57,freesasa,FreeSASA,10,,199.47022499110003,28.985617758129298,0.005013279551093994,22591.923181522794,24414.942708333332,206.97105040652477,3486.26,215866.57,219352.83,0.3404699597130191,1.0,1.0,0.04355237875113582,0.20894606679780506,0.05921388726112048,0.2770991296527123
single_file_large_structure_subset,PDB,9fqr,multi-max-pdb,4506416,57,rustsasa,RustSASA,10,,8.687402788386667,0.0019462878781400102,0.11510920172100245,518729.948382753,5101.40625,0.0,1512.03,7103.45,8615.47,1.4627572316919415,22.960858365834277,4.785924020133337,1.0,1.0,1.3596016786930658,1.3261753805629575
single_file_large_structure_subset,PDB,9fqr,multi-max-pdb,4506416,57,pdbtools_jl,PDBTools.jl,10,,11.811407414573333,0.04856189847777354,0.08466391556066084,381530.823705211,6765.359375,0.0,6795.133457999999,3150.373417,9914.964042000001,2.685020348001625,16.88793028551251,3.608816820367851,0.7355095361174182,0.7540480804096235,1.0,1.0
